-- phpMyAdmin SQL Dump
-- version 4.0.6deb1
-- http://www.phpmyadmin.net
--
-- Client: localhost
-- Généré le: Jeu 06 Février 2014 à 08:08
-- Version du serveur: 5.5.35-0ubuntu0.13.10.2
-- Version de PHP: 5.5.3-1ubuntu2.1

SET SQL_MODE = "NO_AUTO_VALUE_ON_ZERO";
SET time_zone = "+00:00";


/*!40101 SET @OLD_CHARACTER_SET_CLIENT=@@CHARACTER_SET_CLIENT */;
/*!40101 SET @OLD_CHARACTER_SET_RESULTS=@@CHARACTER_SET_RESULTS */;
/*!40101 SET @OLD_COLLATION_CONNECTION=@@COLLATION_CONNECTION */;
/*!40101 SET NAMES utf8 */;

--
-- Base de données: `projet_tutore`
--

-- --------------------------------------------------------

--
-- Structure de la table `Appartient_Corbeille`
--

CREATE TABLE IF NOT EXISTS `Appartient_Corbeille` (
  `Sonde_id` int(4) NOT NULL,
  `Corbeille_id` int(4) NOT NULL,
  PRIMARY KEY (`Sonde_id`,`Corbeille_id`),
  KEY `Corbeille_id` (`Corbeille_id`)
) ENGINE=InnoDB DEFAULT CHARSET=latin1;

--
-- Contenu de la table `Appartient_Corbeille`
--

INSERT INTO `Appartient_Corbeille` (`Sonde_id`, `Corbeille_id`) VALUES
(1, 1),
(2, 1),
(3, 1),
(4, 1),
(5, 1),
(6, 1),
(7, 2),
(8, 2),
(9, 2),
(10, 3),
(11, 3),
(12, 3),
(13, 3),
(14, 3),
(15, 3),
(16, 4),
(17, 4),
(18, 4),
(19, 8),
(20, 8),
(21, 8);

-- --------------------------------------------------------

--
-- Structure de la table `Appartient_Puits`
--

CREATE TABLE IF NOT EXISTS `Appartient_Puits` (
  `Sonde_id` int(4) NOT NULL,
  `Nom_puits` varchar(20) NOT NULL,
  PRIMARY KEY (`Sonde_id`,`Nom_puits`),
  KEY `Nom_puits` (`Nom_puits`)
) ENGINE=InnoDB DEFAULT CHARSET=latin1;

--
-- Contenu de la table `Appartient_Puits`
--

INSERT INTO `Appartient_Puits` (`Sonde_id`, `Nom_puits`) VALUES
(29, 'Puits1'),
(30, 'Puits1'),
(31, 'Puits1'),
(32, 'Puits1'),
(33, 'Puits1'),
(34, 'Puits1'),
(35, 'Puits1'),
(36, 'Puits1'),
(37, 'Puits1'),
(38, 'Puits1');

-- --------------------------------------------------------

--
-- Structure de la table `Corbeille`
--

CREATE TABLE IF NOT EXISTS `Corbeille` (
  `Corbeille_id` int(4) NOT NULL AUTO_INCREMENT,
  `Nom` varchar(20) NOT NULL,
  `Position` varchar(20) NOT NULL,
  `Distance` float NOT NULL,
  `Profondeur` float NOT NULL,
  `Zone` varchar(20) NOT NULL,
  `posX` int(11) NOT NULL,
  `posY` int(11) NOT NULL,
  `posZ` int(11) NOT NULL,
  PRIMARY KEY (`Corbeille_id`)
) ENGINE=InnoDB  DEFAULT CHARSET=latin1 AUTO_INCREMENT=10 ;

--
-- Contenu de la table `Corbeille`
--

INSERT INTO `Corbeille` (`Corbeille_id`, `Nom`, `Position`, `Distance`, `Profondeur`, `Zone`, `posX`, `posY`, `posZ`) VALUES
(1, 'A', '', 0, 0, '', -700, -200, 200),
(2, 'B', '', 0, 0, '', -650, -200, 250),
(3, 'C', '', 0, 0, '', -460, -200, 370),
(4, 'D1', '', 0, 0, '', -280, -200, 245),
(5, 'D2', '', 0, 0, '', 120, -200, 245),
(6, 'D3', '', 0, 0, '', 520, -200, 245),
(7, 'E1', '', 0, 0, '', -85, -200, 355),
(8, 'E2', '', 0, 0, '', 300, -200, 355),
(9, 'E3', '', 0, 0, '', 680, -200, 355);

-- --------------------------------------------------------

--
-- Structure de la table `Puits`
--

CREATE TABLE IF NOT EXISTS `Puits` (
  `Nom_puits` varchar(20) NOT NULL,
  PRIMARY KEY (`Nom_puits`)
) ENGINE=InnoDB DEFAULT CHARSET=latin1;

--
-- Contenu de la table `Puits`
--

INSERT INTO `Puits` (`Nom_puits`) VALUES
('Puits1');

-- --------------------------------------------------------

--
-- Structure de la table `Sonde`
--

CREATE TABLE IF NOT EXISTS `Sonde` (
  `Sonde_id` int(4) NOT NULL AUTO_INCREMENT,
  `Nom` varchar(20) NOT NULL,
  `Niveau` float NOT NULL,
  `posX` int(11) NOT NULL,
  `posY` int(11) NOT NULL,
  `posZ` int(11) NOT NULL,
  PRIMARY KEY (`Sonde_id`),
  UNIQUE KEY `Nom` (`Nom`)
) ENGINE=InnoDB  DEFAULT CHARSET=latin1 AUTO_INCREMENT=40 ;

--
-- Contenu de la table `Sonde`
--

INSERT INTO `Sonde` (`Sonde_id`, `Nom`, `Niveau`, `posX`, `posY`, `posZ`) VALUES
(1, 'A1-1', 1, -720, -100, 180),
(2, 'A1-2.5', 2.5, -720, -250, 180),
(3, 'A1-4', 4, -720, -400, 180),
(4, 'A2-1', 1, -685, -100, 215),
(5, 'A2-2.5', 2.5, -685, -250, 215),
(6, 'A2-4', 4, -685, -400, 215),
(7, 'B1-1', 1, -650, -100, 250),
(8, 'B1-2.5', 2.5, -650, -250, 250),
(9, 'B1-4', 4, -650, -400, 250),
(10, 'C1-1', 1, -460, -100, 370),
(11, 'C1-2.5', 2.5, -460, -250, 370),
(12, 'C1-4', 4, -460, -400, 370),
(13, 'C2-1', 1, -460, -100, 430),
(14, 'C2-2.5', 2.5, -460, -250, 430),
(15, 'C2-4', 4, -460, -400, 430),
(16, 'D1-1', 1, -280, -100, 245),
(17, 'D1-2.5', 2.5, -280, -250, 245),
(18, 'D1-4', 4, -280, -400, 245),
(19, 'E1-1', 1, 300, -100, 355),
(20, 'E1-2.5', 2.5, 300, -250, 355),
(21, 'E1-4', 4, 300, -400, 355),
(22, 'REF-1', 1, 225, -100, 435),
(23, 'REF-1.5', 1.5, 225, -150, 435),
(24, 'REF-2', 2, 225, -200, 435),
(25, 'REF-2.5', 2.5, 225, -250, 435),
(26, 'REF-3', 3, 225, -300, 435),
(27, 'REF-3.5', 3.5, 225, -350, 435),
(28, 'REF-4', 4, 225, -400, 435),
(29, 'Air_exterieur', 0, 0, 0, 0),
(30, 'Air_sortie_PC', 0, 0, 0, 0),
(31, 'Tube 24m', 2, 0, 0, 0),
(32, 'Tube 18m', 2, 0, 0, 0),
(33, 'Tube 12m', 2, 0, 0, 0),
(34, 'Tube 6m', 2, 0, 0, 0),
(35, 'Extraction', 0, 0, 0, 0),
(36, 'Insufflation', 0, 0, 0, 0),
(37, 'Rejet', 0, 0, 0, 0),
(38, 'Air neuf', 0, 0, 0, 0),
(39, 'Air entree pc', 0, 0, 0, 0);

-- --------------------------------------------------------

--
-- Structure de la table `Temperature`
--

CREATE TABLE IF NOT EXISTS `Temperature` (
  `Sonde_id` int(4) NOT NULL,
  `Date` datetime NOT NULL,
  `Valeur` float NOT NULL,
  PRIMARY KEY (`Sonde_id`,`Date`)
) ENGINE=InnoDB DEFAULT CHARSET=latin1;

--
-- Contenu de la table `Temperature`
--

INSERT INTO `Temperature` (`Sonde_id`, `Date`, `Valeur`) VALUES
(1, '2013-02-15 18:51:13', 10.3),
(1, '2013-02-15 18:56:13', 10.5),
(1, '2013-02-15 19:01:13', 10.3),
(1, '2013-02-15 19:06:13', 10.4),
(1, '2013-02-15 19:11:13', 10.5),
(1, '2013-02-15 19:16:13', 10.4),
(1, '2013-02-15 19:21:13', 10.4),
(1, '2013-02-15 19:26:13', 10.5),
(1, '2013-02-25 15:50:35', 9.8),
(1, '2013-02-25 15:55:35', 9.8),
(1, '2013-02-25 16:00:35', 9.7),
(1, '2013-02-25 16:05:35', 9.7),
(1, '2013-02-25 16:10:35', 9.7),
(1, '2013-02-25 16:15:35', 9.7),
(1, '2013-02-25 16:20:35', 9.8),
(1, '2013-02-25 16:25:35', 9.8),
(1, '2013-02-25 16:30:35', 9.8),
(1, '2013-02-25 16:35:35', 9.9),
(1, '2013-02-25 16:40:35', 9.9),
(1, '2013-02-25 16:45:35', 9.8),
(1, '2013-02-25 16:50:35', 9.7),
(1, '2013-02-25 16:55:35', 9.7),
(1, '2013-02-25 17:00:35', 9.7),
(1, '2013-02-25 17:05:35', 9.6),
(1, '2013-02-25 17:10:36', 9.7),
(1, '2013-02-25 17:15:36', 9.8),
(1, '2013-02-25 17:20:36', 9.8),
(1, '2013-02-25 17:25:36', 9.8),
(1, '2013-02-25 17:30:36', 9.8),
(1, '2013-02-25 17:35:36', 9.8),
(1, '2013-02-25 17:40:36', 9.9),
(1, '2013-02-25 17:45:36', 9.7),
(1, '2013-02-25 17:50:36', 9.7),
(1, '2013-02-25 17:55:36', 9.6),
(1, '2013-02-25 18:00:36', 9.9),
(1, '2013-02-25 18:05:36', 9.7),
(1, '2013-02-25 18:10:36', 9.7),
(1, '2013-02-25 18:15:36', 9.7),
(1, '2013-02-25 18:20:36', 9.9),
(1, '2013-02-25 18:25:36', 9.9),
(1, '2013-02-25 18:30:36', 9.9),
(1, '2013-02-25 18:35:36', 9.8),
(1, '2013-02-25 18:40:36', 9.7),
(1, '2013-02-25 18:45:36', 9.6),
(2, '2013-02-15 18:51:13', 13.2),
(2, '2013-02-15 18:56:13', 13.3),
(2, '2013-02-15 19:01:13', 13.1),
(2, '2013-02-15 19:06:13', 13.3),
(2, '2013-02-15 19:11:13', 13.4),
(2, '2013-02-15 19:16:13', 13.3),
(2, '2013-02-15 19:21:13', 13.2),
(2, '2013-02-25 15:50:35', 13),
(2, '2013-02-25 15:55:35', 13),
(2, '2013-02-25 16:00:35', 13),
(2, '2013-02-25 16:05:35', 13.1),
(2, '2013-02-25 16:10:35', 13.1),
(2, '2013-02-25 16:15:35', 13.1),
(2, '2013-02-25 16:20:35', 13.1),
(2, '2013-02-25 16:25:35', 13.2),
(2, '2013-02-25 16:30:35', 13.2),
(2, '2013-02-25 16:35:35', 13.2),
(2, '2013-02-25 16:40:35', 13.2),
(2, '2013-02-25 16:45:35', 13.2),
(2, '2013-02-25 16:50:35', 13.1),
(2, '2013-02-25 16:55:35', 13.1),
(2, '2013-02-25 17:00:35', 13.1),
(2, '2013-02-25 17:05:35', 13),
(2, '2013-02-25 17:10:36', 13.1),
(2, '2013-02-25 17:15:36', 13.2),
(2, '2013-02-25 17:20:36', 13.1),
(2, '2013-02-25 17:25:36', 13.2),
(2, '2013-02-25 17:30:36', 13.1),
(2, '2013-02-25 17:35:36', 13.1),
(2, '2013-02-25 17:40:36', 13.1),
(2, '2013-02-25 17:45:36', 13),
(2, '2013-02-25 17:50:36', 13.1),
(2, '2013-02-25 17:55:36', 13),
(2, '2013-02-25 18:00:36', 13.1),
(2, '2013-02-25 18:05:36', 13.2),
(2, '2013-02-25 18:10:36', 13.1),
(2, '2013-02-25 18:15:36', 13.1),
(2, '2013-02-25 18:20:36', 13.2),
(2, '2013-02-25 18:25:36', 13.3),
(2, '2013-02-25 18:30:36', 13.2),
(2, '2013-02-25 18:35:36', 13.2),
(2, '2013-02-25 18:40:36', 13.1),
(2, '2013-02-25 18:45:36', 13),
(3, '2013-02-15 18:51:13', 15.7),
(3, '2013-02-15 18:56:13', 15.7),
(3, '2013-02-15 19:01:13', 15.7),
(3, '2013-02-15 19:06:13', 15.8),
(3, '2013-02-15 19:11:13', 15.9),
(3, '2013-02-15 19:16:13', 15.7),
(3, '2013-02-15 19:21:13', 15.7),
(3, '2013-02-25 15:50:35', 15.5),
(3, '2013-02-25 15:55:35', 15.6),
(3, '2013-02-25 16:00:35', 15.5),
(3, '2013-02-25 16:05:35', 15.5),
(3, '2013-02-25 16:10:35', 15.5),
(3, '2013-02-25 16:15:35', 15.5),
(3, '2013-02-25 16:20:35', 15.6),
(3, '2013-02-25 16:25:35', 15.6),
(3, '2013-02-25 16:30:35', 15.6),
(3, '2013-02-25 16:35:35', 15.5),
(3, '2013-02-25 16:40:35', 15.6),
(3, '2013-02-25 16:45:35', 15.6),
(3, '2013-02-25 16:50:35', 15.5),
(3, '2013-02-25 16:55:35', 15.6),
(3, '2013-02-25 17:00:35', 15.6),
(3, '2013-02-25 17:05:35', 15.5),
(3, '2013-02-25 17:10:36', 15.5),
(3, '2013-02-25 17:15:36', 15.6),
(3, '2013-02-25 17:20:36', 15.5),
(3, '2013-02-25 17:25:36', 15.6),
(3, '2013-02-25 17:30:36', 15.6),
(3, '2013-02-25 17:35:36', 15.6),
(3, '2013-02-25 17:40:36', 15.6),
(3, '2013-02-25 17:45:36', 15.5),
(3, '2013-02-25 17:50:36', 15.6),
(3, '2013-02-25 17:55:36', 15.5),
(3, '2013-02-25 18:00:36', 15.6),
(3, '2013-02-25 18:05:36', 15.5),
(3, '2013-02-25 18:10:36', 15.5),
(3, '2013-02-25 18:15:36', 15.5),
(3, '2013-02-25 18:20:36', 15.6),
(3, '2013-02-25 18:25:36', 15.6),
(3, '2013-02-25 18:30:36', 15.6),
(3, '2013-02-25 18:35:36', 15.6),
(3, '2013-02-25 18:40:36', 15.5),
(3, '2013-02-25 18:45:36', 15.5),
(4, '2013-02-15 18:51:13', 11),
(4, '2013-02-15 18:56:13', 11.1),
(4, '2013-02-15 19:01:13', 10.9),
(4, '2013-02-15 19:06:13', 11),
(4, '2013-02-15 19:11:13', 11.1),
(4, '2013-02-15 19:16:13', 11),
(4, '2013-02-15 19:21:13', 11),
(4, '2013-02-25 15:50:35', 10.3),
(4, '2013-02-25 15:55:35', 10.4),
(4, '2013-02-25 16:00:35', 10.5),
(4, '2013-02-25 16:05:35', 10.4),
(4, '2013-02-25 16:10:35', 10.3),
(4, '2013-02-25 16:15:35', 10.3),
(4, '2013-02-25 16:20:35', 10.3),
(4, '2013-02-25 16:25:35', 10.3),
(4, '2013-02-25 16:30:35', 10.3),
(4, '2013-02-25 16:35:35', 10.3),
(4, '2013-02-25 16:40:35', 10.3),
(4, '2013-02-25 16:45:35', 10.3),
(4, '2013-02-25 16:50:35', 10.3),
(4, '2013-02-25 16:55:35', 10.4),
(4, '2013-02-25 17:00:35', 10.4),
(4, '2013-02-25 17:05:35', 10.3),
(4, '2013-02-25 17:10:36', 10.3),
(4, '2013-02-25 17:15:36', 10.4),
(4, '2013-02-25 17:20:36', 10.3),
(4, '2013-02-25 17:25:36', 10.3),
(4, '2013-02-25 17:30:36', 10.3),
(4, '2013-02-25 17:35:36', 10.3),
(4, '2013-02-25 17:40:36', 10.4),
(4, '2013-02-25 17:45:36', 10.3),
(4, '2013-02-25 17:50:36', 10.4),
(4, '2013-02-25 17:55:36', 10.4),
(4, '2013-02-25 18:00:36', 10.4),
(4, '2013-02-25 18:05:36', 10.3),
(4, '2013-02-25 18:10:36', 10.3),
(4, '2013-02-25 18:15:36', 10.3),
(4, '2013-02-25 18:20:36', 10.4),
(4, '2013-02-25 18:25:36', 10.4),
(4, '2013-02-25 18:30:36', 10.4),
(4, '2013-02-25 18:35:36', 10.4),
(4, '2013-02-25 18:40:36', 10.3),
(4, '2013-02-25 18:45:36', 10.3),
(5, '2013-02-15 18:51:13', 14),
(5, '2013-02-15 18:56:13', 14.2),
(5, '2013-02-15 19:01:13', 14),
(5, '2013-02-15 19:06:13', 14.2),
(5, '2013-02-15 19:11:13', 14.2),
(5, '2013-02-15 19:16:13', 14),
(5, '2013-02-15 19:21:13', 14),
(5, '2013-02-25 15:50:35', 13.8),
(5, '2013-02-25 15:55:35', 13.8),
(5, '2013-02-25 16:00:35', 13.9),
(5, '2013-02-25 16:05:35', 13.9),
(5, '2013-02-25 16:10:35', 13.8),
(5, '2013-02-25 16:15:35', 13.8),
(5, '2013-02-25 16:20:35', 13.8),
(5, '2013-02-25 16:25:35', 13.8),
(5, '2013-02-25 16:30:35', 13.8),
(5, '2013-02-25 16:35:35', 13.8),
(5, '2013-02-25 16:40:35', 13.8),
(5, '2013-02-25 16:45:35', 13.8),
(5, '2013-02-25 16:50:35', 13.8),
(5, '2013-02-25 16:55:35', 13.9),
(5, '2013-02-25 17:00:35', 13.9),
(5, '2013-02-25 17:05:35', 13.8),
(5, '2013-02-25 17:10:36', 13.8),
(5, '2013-02-25 17:15:36', 13.9),
(5, '2013-02-25 17:20:36', 13.8),
(5, '2013-02-25 17:25:36', 13.8),
(5, '2013-02-25 17:30:36', 13.8),
(5, '2013-02-25 17:35:36', 13.8),
(5, '2013-02-25 17:40:36', 13.8),
(5, '2013-02-25 17:45:36', 13.8),
(5, '2013-02-25 17:50:36', 13.9),
(5, '2013-02-25 17:55:36', 13.9),
(5, '2013-02-25 18:00:36', 13.9),
(5, '2013-02-25 18:05:36', 13.8),
(5, '2013-02-25 18:10:36', 13.8),
(5, '2013-02-25 18:15:36', 13.7),
(5, '2013-02-25 18:20:36', 13.9),
(5, '2013-02-25 18:25:36', 13.9),
(5, '2013-02-25 18:30:36', 13.9),
(5, '2013-02-25 18:35:36', 13.8),
(5, '2013-02-25 18:40:36', 13.8),
(5, '2013-02-25 18:45:36', 13.8),
(6, '2013-02-15 18:51:13', 16.3),
(6, '2013-02-15 18:56:13', 16.3),
(6, '2013-02-15 19:01:13', 16.3),
(6, '2013-02-15 19:06:13', 16.4),
(6, '2013-02-15 19:11:13', 16.4),
(6, '2013-02-15 19:16:13', 16.2),
(6, '2013-02-15 19:21:13', 16.3),
(6, '2013-02-25 15:50:35', 16.2),
(6, '2013-02-25 15:55:35', 16.1),
(6, '2013-02-25 16:00:35', 16.5),
(6, '2013-02-25 16:05:35', 16.5),
(6, '2013-02-25 16:10:35', 16.2),
(6, '2013-02-25 16:15:35', 16.2),
(6, '2013-02-25 16:20:35', 16.2),
(6, '2013-02-25 16:25:35', 16.2),
(6, '2013-02-25 16:30:35', 16.1),
(6, '2013-02-25 16:35:35', 16.1),
(6, '2013-02-25 16:40:35', 16.2),
(6, '2013-02-25 16:45:35', 16.1),
(6, '2013-02-25 16:50:35', 16.1),
(6, '2013-02-25 16:55:35', 16.2),
(6, '2013-02-25 17:00:35', 16.3),
(6, '2013-02-25 17:05:35', 16.1),
(6, '2013-02-25 17:10:36', 16.1),
(6, '2013-02-25 17:15:36', 16.2),
(6, '2013-02-25 17:20:36', 16.1),
(6, '2013-02-25 17:25:36', 16.1),
(6, '2013-02-25 17:30:36', 16.1),
(6, '2013-02-25 17:35:36', 16.1),
(6, '2013-02-25 17:40:36', 16.2),
(6, '2013-02-25 17:45:36', 16.1),
(6, '2013-02-25 17:50:36', 16.4),
(6, '2013-02-25 17:55:36', 16.2),
(6, '2013-02-25 18:00:36', 16.2),
(6, '2013-02-25 18:05:36', 16.1),
(6, '2013-02-25 18:10:36', 16.1),
(6, '2013-02-25 18:15:36', 16.1),
(6, '2013-02-25 18:20:36', 16.2),
(6, '2013-02-25 18:25:36', 16.1),
(6, '2013-02-25 18:30:36', 16.1),
(6, '2013-02-25 18:35:36', 16.1),
(6, '2013-02-25 18:40:36', 16.2),
(6, '2013-02-25 18:45:36', 16.3),
(7, '2013-02-15 18:51:13', 10.4),
(7, '2013-02-15 18:56:13', 10.3),
(7, '2013-02-15 19:01:13', 10.3),
(7, '2013-02-15 19:06:13', 10.4),
(7, '2013-02-15 19:11:13', 10.4),
(7, '2013-02-15 19:16:13', 10.3),
(7, '2013-02-15 19:21:13', 10.4),
(7, '2013-02-25 15:50:35', 10.1),
(7, '2013-02-25 15:55:35', 10),
(7, '2013-02-25 16:00:35', 10.2),
(7, '2013-02-25 16:05:35', 10.3),
(7, '2013-02-25 16:10:35', 10.2),
(7, '2013-02-25 16:15:35', 10.2),
(7, '2013-02-25 16:20:35', 10.2),
(7, '2013-02-25 16:25:35', 10.2),
(7, '2013-02-25 16:30:35', 10.1),
(7, '2013-02-25 16:35:35', 10.3),
(7, '2013-02-25 16:40:35', 10.1),
(7, '2013-02-25 16:45:35', 10.1),
(7, '2013-02-25 16:50:35', 10),
(7, '2013-02-25 16:55:35', 10.2),
(7, '2013-02-25 17:00:35', 10.2),
(7, '2013-02-25 17:05:35', 10),
(7, '2013-02-25 17:10:36', 10),
(7, '2013-02-25 17:15:36', 10),
(7, '2013-02-25 17:20:36', 10),
(7, '2013-02-25 17:25:36', 10),
(7, '2013-02-25 17:30:36', 9.9),
(7, '2013-02-25 17:35:36', 10),
(7, '2013-02-25 17:40:36', 10),
(7, '2013-02-25 17:45:36', 10),
(7, '2013-02-25 17:50:36', 10.2),
(7, '2013-02-25 17:55:36', 10.1),
(7, '2013-02-25 18:00:36', 10),
(7, '2013-02-25 18:05:36', 9.9),
(7, '2013-02-25 18:10:36', 10),
(7, '2013-02-25 18:15:36', 10),
(7, '2013-02-25 18:20:36', 10),
(7, '2013-02-25 18:25:36', 10),
(7, '2013-02-25 18:30:36', 10.1),
(7, '2013-02-25 18:35:36', 9.9),
(7, '2013-02-25 18:40:36', 10),
(7, '2013-02-25 18:45:36', 10.2),
(8, '2013-02-15 18:51:13', 13.3),
(8, '2013-02-15 18:56:13', 13.3),
(8, '2013-02-15 19:01:13', 13.3),
(8, '2013-02-15 19:06:13', 13.4),
(8, '2013-02-15 19:11:13', 13.3),
(8, '2013-02-15 19:16:13', 13.2),
(8, '2013-02-15 19:21:13', 13.3),
(8, '2013-02-25 15:50:35', 13.6),
(8, '2013-02-25 15:55:35', 13.5),
(8, '2013-02-25 16:00:35', 13.9),
(8, '2013-02-25 16:05:35', 13.9),
(8, '2013-02-25 16:10:35', 13.7),
(8, '2013-02-25 16:15:35', 13.6),
(8, '2013-02-25 16:20:35', 13.6),
(8, '2013-02-25 16:25:35', 13.8),
(8, '2013-02-25 16:30:35', 13.7),
(8, '2013-02-25 16:35:35', 13.7),
(8, '2013-02-25 16:40:35', 13.6),
(8, '2013-02-25 16:45:35', 13.6),
(8, '2013-02-25 16:50:35', 13.5),
(8, '2013-02-25 16:55:35', 13.8),
(8, '2013-02-25 17:00:35', 13.7),
(8, '2013-02-25 17:05:35', 13.4),
(8, '2013-02-25 17:10:36', 13.6),
(8, '2013-02-25 17:15:36', 13.6),
(8, '2013-02-25 17:20:36', 13.6),
(8, '2013-02-25 17:25:36', 13.6),
(8, '2013-02-25 17:30:36', 13.4),
(8, '2013-02-25 17:35:36', 13.6),
(8, '2013-02-25 17:40:36', 13.6),
(8, '2013-02-25 17:45:36', 13.4),
(8, '2013-02-25 17:50:36', 13.8),
(8, '2013-02-25 17:55:36', 13.5),
(8, '2013-02-25 18:00:36', 13.6),
(8, '2013-02-25 18:05:36', 13.5),
(8, '2013-02-25 18:10:36', 13.5),
(8, '2013-02-25 18:15:36', 13.6),
(8, '2013-02-25 18:20:36', 13.6),
(8, '2013-02-25 18:25:36', 13.6),
(8, '2013-02-25 18:30:36', 13.6),
(8, '2013-02-25 18:35:36', 13.6),
(8, '2013-02-25 18:40:36', 13.6),
(8, '2013-02-25 18:45:36', 13.7),
(9, '2013-02-15 18:51:13', 14.9),
(9, '2013-02-15 18:56:13', 14.8),
(9, '2013-02-15 19:01:13', 14.8),
(9, '2013-02-15 19:06:13', 14.9),
(9, '2013-02-15 19:11:13', 14.9),
(9, '2013-02-15 19:16:13', 14.8),
(9, '2013-02-15 19:21:13', 14.8),
(9, '2013-02-25 15:50:35', 14.6),
(9, '2013-02-25 15:55:35', 14.6),
(9, '2013-02-25 16:00:35', 14.6),
(9, '2013-02-25 16:05:35', 14.7),
(9, '2013-02-25 16:10:35', 14.7),
(9, '2013-02-25 16:15:35', 14.6),
(9, '2013-02-25 16:20:35', 14.6),
(9, '2013-02-25 16:25:35', 14.7),
(9, '2013-02-25 16:30:35', 14.6),
(9, '2013-02-25 16:35:35', 14.6),
(9, '2013-02-25 16:40:35', 14.6),
(9, '2013-02-25 16:45:35', 14.5),
(9, '2013-02-25 16:50:35', 14.6),
(9, '2013-02-25 16:55:35', 14.7),
(9, '2013-02-25 17:00:35', 14.8),
(9, '2013-02-25 17:05:35', 14.6),
(9, '2013-02-25 17:10:36', 14.6),
(9, '2013-02-25 17:15:36', 14.6),
(9, '2013-02-25 17:20:36', 14.5),
(9, '2013-02-25 17:25:36', 14.5),
(9, '2013-02-25 17:30:36', 14.5),
(9, '2013-02-25 17:35:36', 14.6),
(9, '2013-02-25 17:40:36', 14.6),
(9, '2013-02-25 17:45:36', 14.5),
(9, '2013-02-25 17:50:36', 14.6),
(9, '2013-02-25 17:55:36', 14.7),
(9, '2013-02-25 18:00:36', 14.6),
(9, '2013-02-25 18:05:36', 14.5),
(9, '2013-02-25 18:10:36', 14.6),
(9, '2013-02-25 18:15:36', 14.6),
(9, '2013-02-25 18:20:36', 14.6),
(9, '2013-02-25 18:25:36', 14.6),
(9, '2013-02-25 18:30:36', 14.6),
(9, '2013-02-25 18:35:36', 14.6),
(9, '2013-02-25 18:40:36', 14.6),
(9, '2013-02-25 18:45:36', 14.6),
(10, '2013-02-15 18:51:13', 13.6),
(10, '2013-02-15 18:56:13', 13.5),
(10, '2013-02-15 19:01:13', 13.5),
(10, '2013-02-15 19:06:13', 13.6),
(10, '2013-02-15 19:11:13', 13.5),
(10, '2013-02-15 19:16:13', 13.5),
(10, '2013-02-15 19:21:13', 13.5),
(10, '2013-02-25 15:50:35', 13.4),
(10, '2013-02-25 15:55:35', 13.5),
(10, '2013-02-25 16:00:35', 13.6),
(10, '2013-02-25 16:05:35', 13.6),
(10, '2013-02-25 16:10:35', 13.6),
(10, '2013-02-25 16:15:35', 13.5),
(10, '2013-02-25 16:20:35', 13.5),
(10, '2013-02-25 16:25:35', 13.5),
(10, '2013-02-25 16:30:35', 13.5),
(10, '2013-02-25 16:35:35', 13.5),
(10, '2013-02-25 16:40:35', 13.5),
(10, '2013-02-25 16:45:35', 13.5),
(10, '2013-02-25 16:50:35', 13.5),
(10, '2013-02-25 16:55:35', 13.6),
(10, '2013-02-25 17:00:35', 13.6),
(10, '2013-02-25 17:05:35', 13.5),
(10, '2013-02-25 17:10:36', 13.5),
(10, '2013-02-25 17:15:36', 13.5),
(10, '2013-02-25 17:20:36', 13.4),
(10, '2013-02-25 17:25:36', 13.4),
(10, '2013-02-25 17:30:36', 13.5),
(10, '2013-02-25 17:35:36', 13.5),
(10, '2013-02-25 17:40:36', 13.5),
(10, '2013-02-25 17:45:36', 13.3),
(10, '2013-02-25 17:50:36', 13.5),
(10, '2013-02-25 17:55:36', 13.6),
(10, '2013-02-25 18:00:36', 13.5),
(10, '2013-02-25 18:05:36', 13.5),
(10, '2013-02-25 18:10:36', 13.5),
(10, '2013-02-25 18:15:36', 13.5),
(10, '2013-02-25 18:20:36', 13.5),
(10, '2013-02-25 18:25:36', 13.5),
(10, '2013-02-25 18:30:36', 13.5),
(10, '2013-02-25 18:35:36', 13.5),
(10, '2013-02-25 18:40:36', 13.5),
(10, '2013-02-25 18:45:36', 13.5),
(11, '2013-02-15 18:51:13', 11.3),
(11, '2013-02-15 18:56:13', 11.3),
(11, '2013-02-15 19:01:13', 11.2),
(11, '2013-02-15 19:06:13', 11.3),
(11, '2013-02-15 19:11:13', 11.3),
(11, '2013-02-15 19:16:13', 11.2),
(11, '2013-02-15 19:21:13', 11.2),
(11, '2013-02-25 15:50:35', 11.2),
(11, '2013-02-25 15:55:35', 11.3),
(11, '2013-02-25 16:00:35', 11.4),
(11, '2013-02-25 16:05:35', 11.3),
(11, '2013-02-25 16:10:35', 11.3),
(11, '2013-02-25 16:15:35', 11.3),
(11, '2013-02-25 16:20:35', 11.2),
(11, '2013-02-25 16:25:35', 11.2),
(11, '2013-02-25 16:30:35', 11.2),
(11, '2013-02-25 16:35:35', 11.3),
(11, '2013-02-25 16:40:35', 11.3),
(11, '2013-02-25 16:45:35', 11.2),
(11, '2013-02-25 16:50:35', 11.2),
(11, '2013-02-25 16:55:35', 11.3),
(11, '2013-02-25 17:00:35', 11.3),
(11, '2013-02-25 17:05:35', 11.2),
(11, '2013-02-25 17:10:36', 11.2),
(11, '2013-02-25 17:15:36', 11.2),
(11, '2013-02-25 17:20:36', 11.2),
(11, '2013-02-25 17:25:36', 11.2),
(11, '2013-02-25 17:30:36', 11.2),
(11, '2013-02-25 17:35:36', 11.2),
(11, '2013-02-25 17:40:36', 11.3),
(11, '2013-02-25 17:45:36', 11.2),
(11, '2013-02-25 17:50:36', 11.3),
(11, '2013-02-25 17:55:36', 11.3),
(11, '2013-02-25 18:00:36', 11.4),
(11, '2013-02-25 18:05:36', 11.2),
(11, '2013-02-25 18:10:36', 11.3),
(11, '2013-02-25 18:15:36', 11.2),
(11, '2013-02-25 18:20:36', 11.2),
(11, '2013-02-25 18:25:36', 11.2),
(11, '2013-02-25 18:30:36', 11.3),
(11, '2013-02-25 18:35:36', 11.2),
(11, '2013-02-25 18:40:36', 11.2),
(11, '2013-02-25 18:45:36', 11.2),
(12, '2013-02-15 18:51:13', 8.6),
(12, '2013-02-15 18:56:13', 8.6),
(12, '2013-02-15 19:01:13', 8.5),
(12, '2013-02-15 19:06:13', 8.6),
(12, '2013-02-15 19:11:13', 8.5),
(12, '2013-02-15 19:16:13', 8.5),
(12, '2013-02-15 19:21:13', 8.5),
(12, '2013-02-25 15:50:35', 8.2),
(12, '2013-02-25 15:55:35', 8.2),
(12, '2013-02-25 16:00:35', 8.2),
(12, '2013-02-25 16:05:35', 8.2),
(12, '2013-02-25 16:10:35', 8.2),
(12, '2013-02-25 16:15:35', 8.2),
(12, '2013-02-25 16:20:35', 8.1),
(12, '2013-02-25 16:25:35', 8.2),
(12, '2013-02-25 16:30:35', 8.2),
(12, '2013-02-25 16:35:35', 8.1),
(12, '2013-02-25 16:40:35', 8.2),
(12, '2013-02-25 16:45:35', 8),
(12, '2013-02-25 16:50:35', 8.2),
(12, '2013-02-25 16:55:35', 8.2),
(12, '2013-02-25 17:00:35', 8.2),
(12, '2013-02-25 17:05:35', 8.2),
(12, '2013-02-25 17:10:36', 8.1),
(12, '2013-02-25 17:15:36', 8.1),
(12, '2013-02-25 17:20:36', 8),
(12, '2013-02-25 17:25:36', 8),
(12, '2013-02-25 17:30:36', 8.1),
(12, '2013-02-25 17:35:36', 8.1),
(12, '2013-02-25 17:40:36', 8.1),
(12, '2013-02-25 17:45:36', 8.1),
(12, '2013-02-25 17:50:36', 8.2),
(12, '2013-02-25 17:55:36', 8.2),
(12, '2013-02-25 18:00:36', 8.2),
(12, '2013-02-25 18:05:36', 8),
(12, '2013-02-25 18:10:36', 8.1),
(12, '2013-02-25 18:15:36', 8.2),
(12, '2013-02-25 18:20:36', 8.1),
(12, '2013-02-25 18:25:36', 8.1),
(12, '2013-02-25 18:30:36', 8.2),
(12, '2013-02-25 18:35:36', 8.1),
(12, '2013-02-25 18:40:36', 8.1),
(12, '2013-02-25 18:45:36', 8),
(13, '2013-02-15 18:51:13', 8.8),
(13, '2013-02-15 18:56:13', 8.8),
(13, '2013-02-15 19:01:13', 8.7),
(13, '2013-02-15 19:06:13', 8.8),
(13, '2013-02-15 19:11:13', 8.8),
(13, '2013-02-15 19:16:13', 8.8),
(13, '2013-02-15 19:21:13', 8.7),
(13, '2013-02-25 15:50:35', 8.1),
(13, '2013-02-25 15:55:35', 8.1),
(13, '2013-02-25 16:00:35', 8.2),
(13, '2013-02-25 16:05:35', 8.1),
(13, '2013-02-25 16:10:35', 8.1),
(13, '2013-02-25 16:15:35', 8),
(13, '2013-02-25 16:20:35', 8.1),
(13, '2013-02-25 16:25:35', 8.1),
(13, '2013-02-25 16:30:35', 8.1),
(13, '2013-02-25 16:35:35', 8),
(13, '2013-02-25 16:40:35', 8.2),
(13, '2013-02-25 16:45:35', 8),
(13, '2013-02-25 16:50:35', 8),
(13, '2013-02-25 16:55:35', 8.2),
(13, '2013-02-25 17:00:35', 8.1),
(13, '2013-02-25 17:05:35', 8),
(13, '2013-02-25 17:10:36', 8.1),
(13, '2013-02-25 17:15:36', 8.1),
(13, '2013-02-25 17:20:36', 8),
(13, '2013-02-25 17:25:36', 8),
(13, '2013-02-25 17:30:36', 8),
(13, '2013-02-25 17:35:36', 8.1),
(13, '2013-02-25 17:40:36', 8.2),
(13, '2013-02-25 17:45:36', 8),
(13, '2013-02-25 17:50:36', 8.1),
(13, '2013-02-25 17:55:36', 8.1),
(13, '2013-02-25 18:00:36', 8.2),
(13, '2013-02-25 18:05:36', 8),
(13, '2013-02-25 18:10:36', 8),
(13, '2013-02-25 18:15:36', 8.1),
(13, '2013-02-25 18:20:36', 8.1),
(13, '2013-02-25 18:25:36', 8.2),
(13, '2013-02-25 18:30:36', 8.2),
(13, '2013-02-25 18:35:36', 8.1),
(13, '2013-02-25 18:40:36', 8),
(13, '2013-02-25 18:45:36', 7.9),
(14, '2013-02-15 18:51:13', 12),
(14, '2013-02-15 18:56:13', 11.8),
(14, '2013-02-15 19:01:13', 11.9),
(14, '2013-02-15 19:06:13', 12),
(14, '2013-02-15 19:11:13', 11.9),
(14, '2013-02-15 19:16:13', 11.8),
(14, '2013-02-15 19:21:13', 11.9),
(14, '2013-02-25 15:50:35', 11.7),
(14, '2013-02-25 15:55:35', 11.7),
(14, '2013-02-25 16:00:35', 12),
(14, '2013-02-25 16:05:35', 12),
(14, '2013-02-25 16:10:35', 11.9),
(14, '2013-02-25 16:15:35', 11.9),
(14, '2013-02-25 16:20:35', 11.8),
(14, '2013-02-25 16:25:35', 11.7),
(14, '2013-02-25 16:30:35', 11.7),
(14, '2013-02-25 16:35:35', 11.8),
(14, '2013-02-25 16:40:35', 11.8),
(14, '2013-02-25 16:45:35', 11.7),
(14, '2013-02-25 16:50:35', 11.7),
(14, '2013-02-25 16:55:35', 11.9),
(14, '2013-02-25 17:00:35', 11.9),
(14, '2013-02-25 17:05:35', 11.9),
(14, '2013-02-25 17:10:36', 11.7),
(14, '2013-02-25 17:15:36', 11.8),
(14, '2013-02-25 17:20:36', 11.7),
(14, '2013-02-25 17:25:36', 11.7),
(14, '2013-02-25 17:30:36', 11.6),
(14, '2013-02-25 17:35:36', 11.7),
(14, '2013-02-25 17:40:36', 11.7),
(14, '2013-02-25 17:45:36', 11.6),
(14, '2013-02-25 17:50:36', 12),
(14, '2013-02-25 17:55:36', 12),
(14, '2013-02-25 18:00:36', 11.9),
(14, '2013-02-25 18:05:36', 11.7),
(14, '2013-02-25 18:10:36', 11.7),
(14, '2013-02-25 18:15:36', 11.7),
(14, '2013-02-25 18:20:36', 11.8),
(14, '2013-02-25 18:25:36', 11.7),
(14, '2013-02-25 18:30:36', 11.7),
(14, '2013-02-25 18:35:36', 11.7),
(14, '2013-02-25 18:40:36', 11.9),
(14, '2013-02-25 18:45:36', 12),
(15, '2013-02-15 18:51:13', 14.2),
(15, '2013-02-15 18:56:13', 14),
(15, '2013-02-15 19:01:13', 14),
(15, '2013-02-15 19:06:13', 14.2),
(15, '2013-02-15 19:11:13', 14.2),
(15, '2013-02-15 19:16:13', 14),
(15, '2013-02-15 19:21:13', 14.1),
(15, '2013-02-25 15:50:35', 14),
(15, '2013-02-25 15:55:35', 14),
(15, '2013-02-25 16:00:35', 14.2),
(15, '2013-02-25 16:05:35', 14.3),
(15, '2013-02-25 16:10:35', 14.2),
(15, '2013-02-25 16:15:35', 14.2),
(15, '2013-02-25 16:20:35', 14),
(15, '2013-02-25 16:25:35', 14),
(15, '2013-02-25 16:30:35', 14),
(15, '2013-02-25 16:35:35', 14),
(15, '2013-02-25 16:40:35', 14),
(15, '2013-02-25 16:45:35', 13.9),
(15, '2013-02-25 16:50:35', 13.9),
(15, '2013-02-25 16:55:35', 14.2),
(15, '2013-02-25 17:00:35', 14.1),
(15, '2013-02-25 17:05:35', 14.1),
(15, '2013-02-25 17:10:36', 14),
(15, '2013-02-25 17:15:36', 14),
(15, '2013-02-25 17:20:36', 13.9),
(15, '2013-02-25 17:25:36', 13.9),
(15, '2013-02-25 17:30:36', 13.9),
(15, '2013-02-25 17:35:36', 14),
(15, '2013-02-25 17:40:36', 14),
(15, '2013-02-25 17:45:36', 13.9),
(15, '2013-02-25 17:50:36', 14.2),
(15, '2013-02-25 17:55:36', 14.1),
(15, '2013-02-25 18:00:36', 14),
(15, '2013-02-25 18:05:36', 13.9),
(15, '2013-02-25 18:10:36', 14),
(15, '2013-02-25 18:15:36', 14),
(15, '2013-02-25 18:20:36', 14),
(15, '2013-02-25 18:25:36', 13.9),
(15, '2013-02-25 18:30:36', 14),
(15, '2013-02-25 18:35:36', 13.9),
(15, '2013-02-25 18:40:36', 14),
(15, '2013-02-25 18:45:36', 14.2),
(16, '2013-02-15 18:51:13', 8.9),
(16, '2013-02-15 18:56:13', 8.8),
(16, '2013-02-15 19:01:13', 8.8),
(16, '2013-02-15 19:06:13', 8.8),
(16, '2013-02-15 19:11:13', 8.9),
(16, '2013-02-15 19:16:13', 8.8),
(16, '2013-02-15 19:21:13', 8.9),
(16, '2013-02-25 15:50:35', 8.1),
(16, '2013-02-25 15:55:35', 8),
(16, '2013-02-25 16:00:35', 8.2),
(16, '2013-02-25 16:05:35', 8.1),
(16, '2013-02-25 16:10:35', 8.2),
(16, '2013-02-25 16:15:35', 8),
(16, '2013-02-25 16:20:35', 8.2),
(16, '2013-02-25 16:25:35', 8.1),
(16, '2013-02-25 16:30:35', 8.1),
(16, '2013-02-25 16:35:35', 8.1),
(16, '2013-02-25 16:40:35', 8),
(16, '2013-02-25 16:45:35', 8.1),
(16, '2013-02-25 16:50:35', 8),
(16, '2013-02-25 16:55:35', 8.2),
(16, '2013-02-25 17:00:35', 8),
(16, '2013-02-25 17:05:35', 8),
(16, '2013-02-25 17:10:36', 8),
(16, '2013-02-25 17:15:36', 8),
(16, '2013-02-25 17:20:36', 8),
(16, '2013-02-25 17:25:36', 8.1),
(16, '2013-02-25 17:30:36', 8),
(16, '2013-02-25 17:35:36', 8),
(16, '2013-02-25 17:40:36', 8.2),
(16, '2013-02-25 17:45:36', 8),
(16, '2013-02-25 17:50:36', 8.1),
(16, '2013-02-25 17:55:36', 8.1),
(16, '2013-02-25 18:00:36', 8.2),
(16, '2013-02-25 18:05:36', 8.1),
(16, '2013-02-25 18:10:36', 8),
(16, '2013-02-25 18:15:36', 8.1),
(16, '2013-02-25 18:20:36', 8),
(16, '2013-02-25 18:25:36', 8.1),
(16, '2013-02-25 18:30:36', 8),
(16, '2013-02-25 18:35:36', 8.1),
(16, '2013-02-25 18:40:36', 8.1),
(16, '2013-02-25 18:45:36', 8),
(17, '2013-02-15 18:51:13', 11.6),
(17, '2013-02-15 18:56:13', 11.5),
(17, '2013-02-15 19:01:13', 11.5),
(17, '2013-02-15 19:06:13', 11.5),
(17, '2013-02-15 19:11:13', 11.6),
(17, '2013-02-15 19:16:13', 11.5),
(17, '2013-02-15 19:21:13', 11.5),
(17, '2013-02-25 15:50:35', 11.2),
(17, '2013-02-25 15:55:35', 11.1),
(17, '2013-02-25 16:00:35', 11.2),
(17, '2013-02-25 16:05:35', 11.2),
(17, '2013-02-25 16:10:35', 11.2),
(17, '2013-02-25 16:15:35', 11.1),
(17, '2013-02-25 16:20:35', 11.2),
(17, '2013-02-25 16:25:35', 11.2),
(17, '2013-02-25 16:30:35', 11.2),
(17, '2013-02-25 16:35:35', 11.2),
(17, '2013-02-25 16:40:35', 11.2),
(17, '2013-02-25 16:45:35', 11.1),
(17, '2013-02-25 16:50:35', 11.1),
(17, '2013-02-25 16:55:35', 11.2),
(17, '2013-02-25 17:00:35', 11.2),
(17, '2013-02-25 17:05:35', 11.1),
(17, '2013-02-25 17:10:36', 11.1),
(17, '2013-02-25 17:15:36', 11.1),
(17, '2013-02-25 17:20:36', 11.2),
(17, '2013-02-25 17:25:36', 11.1),
(17, '2013-02-25 17:30:36', 11.1),
(17, '2013-02-25 17:35:36', 11.2),
(17, '2013-02-25 17:40:36', 11.2),
(17, '2013-02-25 17:45:36', 11.1),
(17, '2013-02-25 17:50:36', 11.2),
(17, '2013-02-25 17:55:36', 11.2),
(17, '2013-02-25 18:00:36', 11.2),
(17, '2013-02-25 18:05:36', 11.2),
(17, '2013-02-25 18:10:36', 11.2),
(17, '2013-02-25 18:15:36', 11.2),
(17, '2013-02-25 18:20:36', 11.2),
(17, '2013-02-25 18:25:36', 11.2),
(17, '2013-02-25 18:30:36', 11.2),
(17, '2013-02-25 18:35:36', 11.1),
(17, '2013-02-25 18:40:36', 11.2),
(17, '2013-02-25 18:45:36', 11.1),
(18, '2013-02-15 18:51:13', 13.9),
(18, '2013-02-15 18:56:13', 13.9),
(18, '2013-02-15 19:01:13', 13.9),
(18, '2013-02-15 19:06:13', 13.9),
(18, '2013-02-15 19:11:13', 13.9),
(18, '2013-02-15 19:16:13', 13.9),
(18, '2013-02-15 19:21:13', 13.9),
(18, '2013-02-25 15:50:35', 13.6),
(18, '2013-02-25 15:55:35', 13.6),
(18, '2013-02-25 16:00:35', 13.6),
(18, '2013-02-25 16:05:35', 13.6),
(18, '2013-02-25 16:10:35', 13.6),
(18, '2013-02-25 16:15:35', 13.6),
(18, '2013-02-25 16:20:35', 13.6),
(18, '2013-02-25 16:25:35', 13.6),
(18, '2013-02-25 16:30:35', 13.5),
(18, '2013-02-25 16:35:35', 13.6),
(18, '2013-02-25 16:40:35', 13.6),
(18, '2013-02-25 16:45:35', 13.6),
(18, '2013-02-25 16:50:35', 13.6),
(18, '2013-02-25 16:55:35', 13.6),
(18, '2013-02-25 17:00:35', 13.6),
(18, '2013-02-25 17:05:35', 13.5),
(18, '2013-02-25 17:10:36', 13.6),
(18, '2013-02-25 17:15:36', 13.5),
(18, '2013-02-25 17:20:36', 13.6),
(18, '2013-02-25 17:25:36', 13.5),
(18, '2013-02-25 17:30:36', 13.6),
(18, '2013-02-25 17:35:36', 13.6),
(18, '2013-02-25 17:40:36', 13.6),
(18, '2013-02-25 17:45:36', 13.6),
(18, '2013-02-25 17:50:36', 13.6),
(18, '2013-02-25 17:55:36', 13.6),
(18, '2013-02-25 18:00:36', 13.6),
(18, '2013-02-25 18:05:36', 13.6),
(18, '2013-02-25 18:10:36', 13.6),
(18, '2013-02-25 18:15:36', 13.6),
(18, '2013-02-25 18:20:36', 13.6),
(18, '2013-02-25 18:25:36', 13.6),
(18, '2013-02-25 18:30:36', 13.6),
(18, '2013-02-25 18:35:36', 13.5),
(18, '2013-02-25 18:40:36', 13.6),
(18, '2013-02-25 18:45:36', 13.5),
(19, '2013-02-15 18:51:13', 9),
(19, '2013-02-15 18:56:13', 8.9),
(19, '2013-02-15 19:01:13', 8.9),
(19, '2013-02-15 19:06:13', 8.9),
(19, '2013-02-15 19:11:13', 8.9),
(19, '2013-02-15 19:16:13', 8.9),
(19, '2013-02-15 19:21:13', 8.9),
(19, '2013-02-25 15:50:35', 8.4),
(19, '2013-02-25 15:55:35', 8.3),
(19, '2013-02-25 16:00:35', 8.4),
(19, '2013-02-25 16:05:35', 8.4),
(19, '2013-02-25 16:10:35', 8.4),
(19, '2013-02-25 16:15:35', 8.3),
(19, '2013-02-25 16:20:35', 8.4),
(19, '2013-02-25 16:25:35', 8.5),
(19, '2013-02-25 16:30:35', 8.3),
(19, '2013-02-25 16:35:35', 8.5),
(19, '2013-02-25 16:40:35', 8.5),
(19, '2013-02-25 16:45:35', 8.3),
(19, '2013-02-25 16:50:35', 8.4),
(19, '2013-02-25 16:55:35', 8.5),
(19, '2013-02-25 17:00:35', 8.4),
(19, '2013-02-25 17:05:35', 8.3),
(19, '2013-02-25 17:10:36', 8.4),
(19, '2013-02-25 17:15:36', 8.3),
(19, '2013-02-25 17:20:36', 8.3),
(19, '2013-02-25 17:25:36', 8.3),
(19, '2013-02-25 17:30:36', 8.4),
(19, '2013-02-25 17:35:36', 8.4),
(19, '2013-02-25 17:40:36', 8.4),
(19, '2013-02-25 17:45:36', 8.3),
(19, '2013-02-25 17:50:36', 8.4),
(19, '2013-02-25 17:55:36', 8.3),
(19, '2013-02-25 18:00:36', 8.4),
(19, '2013-02-25 18:05:36', 8.4),
(19, '2013-02-25 18:10:36', 8.4),
(19, '2013-02-25 18:15:36', 8.4),
(19, '2013-02-25 18:20:36', 8.4),
(19, '2013-02-25 18:25:36', 8.4),
(19, '2013-02-25 18:30:36', 8.4),
(19, '2013-02-25 18:35:36', 8.3),
(19, '2013-02-25 18:40:36', 8.5),
(19, '2013-02-25 18:45:36', 8.3),
(20, '2013-02-15 18:51:13', 12.1),
(20, '2013-02-15 18:56:13', 12.2),
(20, '2013-02-15 19:01:13', 12),
(20, '2013-02-15 19:06:13', 12.2),
(20, '2013-02-15 19:11:13', 12.1),
(20, '2013-02-15 19:16:13', 12.1),
(20, '2013-02-15 19:21:13', 12),
(20, '2013-02-25 15:50:35', 11.7),
(20, '2013-02-25 15:55:35', 11.7),
(20, '2013-02-25 16:00:35', 11.8),
(20, '2013-02-25 16:05:35', 11.8),
(20, '2013-02-25 16:10:35', 11.8),
(20, '2013-02-25 16:15:35', 11.7),
(20, '2013-02-25 16:20:35', 11.9),
(20, '2013-02-25 16:25:35', 11.9),
(20, '2013-02-25 16:30:35', 11.7),
(20, '2013-02-25 16:35:35', 11.8),
(20, '2013-02-25 16:40:35', 11.9),
(20, '2013-02-25 16:45:35', 11.7),
(20, '2013-02-25 16:50:35', 11.7),
(20, '2013-02-25 16:55:35', 11.9),
(20, '2013-02-25 17:00:35', 11.7),
(20, '2013-02-25 17:05:35', 11.6),
(20, '2013-02-25 17:10:36', 11.8),
(20, '2013-02-25 17:15:36', 11.7),
(20, '2013-02-25 17:20:36', 11.7),
(20, '2013-02-25 17:25:36', 11.8),
(20, '2013-02-25 17:30:36', 11.7),
(20, '2013-02-25 17:35:36', 11.8),
(20, '2013-02-25 17:40:36', 11.8),
(20, '2013-02-25 17:45:36', 11.7),
(20, '2013-02-25 17:50:36', 11.8),
(20, '2013-02-25 17:55:36', 11.7),
(20, '2013-02-25 18:00:36', 11.9),
(20, '2013-02-25 18:05:36', 11.7),
(20, '2013-02-25 18:10:36', 11.7),
(20, '2013-02-25 18:15:36', 11.7),
(20, '2013-02-25 18:20:36', 11.9),
(20, '2013-02-25 18:25:36', 11.9),
(20, '2013-02-25 18:30:36', 11.8),
(20, '2013-02-25 18:35:36', 11.8),
(20, '2013-02-25 18:40:36', 11.9),
(20, '2013-02-25 18:45:36', 11.7),
(21, '2013-02-15 18:51:13', 14.5),
(21, '2013-02-15 18:56:13', 14.3),
(21, '2013-02-15 19:01:13', 14.4),
(21, '2013-02-15 19:06:13', 14.5),
(21, '2013-02-15 19:11:13', 14.4),
(21, '2013-02-15 19:16:13', 14.3),
(21, '2013-02-15 19:21:13', 14.5),
(21, '2013-02-25 15:50:35', 14),
(21, '2013-02-25 15:55:35', 14),
(21, '2013-02-25 16:00:35', 14.3),
(21, '2013-02-25 16:05:35', 14.4),
(21, '2013-02-25 16:10:35', 14.2),
(21, '2013-02-25 16:15:35', 14.1),
(21, '2013-02-25 16:20:35', 14.1),
(21, '2013-02-25 16:25:35', 14.1),
(21, '2013-02-25 16:30:35', 14),
(21, '2013-02-25 16:35:35', 13.9),
(21, '2013-02-25 16:40:35', 14),
(21, '2013-02-25 16:45:35', 13.9),
(21, '2013-02-25 16:50:35', 14),
(21, '2013-02-25 16:55:35', 14.2),
(21, '2013-02-25 17:00:35', 14.2),
(21, '2013-02-25 17:05:35', 14.1),
(21, '2013-02-25 17:10:36', 14.2),
(21, '2013-02-25 17:15:36', 14.1),
(21, '2013-02-25 17:20:36', 14),
(21, '2013-02-25 17:25:36', 14),
(21, '2013-02-25 17:30:36', 14),
(21, '2013-02-25 17:35:36', 14),
(21, '2013-02-25 17:40:36', 14),
(21, '2013-02-25 17:45:36', 14),
(21, '2013-02-25 17:50:36', 14.2),
(21, '2013-02-25 17:55:36', 14.2),
(21, '2013-02-25 18:00:36', 14.1),
(21, '2013-02-25 18:05:36', 14),
(21, '2013-02-25 18:10:36', 14),
(21, '2013-02-25 18:15:36', 14),
(21, '2013-02-25 18:20:36', 14),
(21, '2013-02-25 18:25:36', 14),
(21, '2013-02-25 18:30:36', 14),
(21, '2013-02-25 18:35:36', 14),
(21, '2013-02-25 18:40:36', 14.2),
(21, '2013-02-25 18:45:36', 14.3),
(22, '2013-02-15 18:51:13', 8.6),
(22, '2013-02-15 18:56:13', 8.5),
(22, '2013-02-15 19:01:13', 8.5),
(22, '2013-02-15 19:06:13', 8.6),
(22, '2013-02-15 19:11:13', 8.6),
(22, '2013-02-15 19:16:13', 8.5),
(22, '2013-02-15 19:21:13', 8.6),
(22, '2013-02-25 15:50:35', 7.8),
(22, '2013-02-25 15:55:35', 7.9),
(22, '2013-02-25 16:00:35', 8),
(22, '2013-02-25 16:05:35', 7.9),
(22, '2013-02-25 16:10:35', 7.9),
(22, '2013-02-25 16:15:35', 7.9),
(22, '2013-02-25 16:20:35', 8),
(22, '2013-02-25 16:25:35', 8),
(22, '2013-02-25 16:30:35', 7.9),
(22, '2013-02-25 16:35:35', 8),
(22, '2013-02-25 16:40:35', 7.9),
(22, '2013-02-25 16:45:35', 7.9),
(22, '2013-02-25 16:50:35', 7.9),
(22, '2013-02-25 16:55:35', 8),
(22, '2013-02-25 17:00:35', 7.9),
(22, '2013-02-25 17:05:35', 7.9),
(22, '2013-02-25 17:10:36', 7.8),
(22, '2013-02-25 17:15:36', 7.9),
(22, '2013-02-25 17:20:36', 7.9),
(22, '2013-02-25 17:25:36', 7.9),
(22, '2013-02-25 17:30:36', 7.9),
(22, '2013-02-25 17:35:36', 7.9),
(22, '2013-02-25 17:40:36', 7.8),
(22, '2013-02-25 17:45:36', 7.9),
(22, '2013-02-25 17:50:36', 8),
(22, '2013-02-25 17:55:36', 7.9),
(22, '2013-02-25 18:00:36', 7.9),
(22, '2013-02-25 18:05:36', 7.9),
(22, '2013-02-25 18:10:36', 7.9),
(22, '2013-02-25 18:15:36', 7.9),
(22, '2013-02-25 18:20:36', 7.9),
(22, '2013-02-25 18:25:36', 7.9),
(22, '2013-02-25 18:30:36', 7.9),
(22, '2013-02-25 18:35:36', 7.9),
(22, '2013-02-25 18:40:36', 7.9),
(22, '2013-02-25 18:45:36', 8),
(23, '2013-02-15 18:51:13', 9.9),
(23, '2013-02-15 18:56:13', 9.9),
(23, '2013-02-15 19:01:13', 9.9),
(23, '2013-02-15 19:06:13', 9.9),
(23, '2013-02-15 19:11:13', 9.9),
(23, '2013-02-15 19:16:13', 9.8),
(23, '2013-02-15 19:21:13', 9.9),
(23, '2013-02-25 15:50:35', 9.5),
(23, '2013-02-25 15:55:35', 9.5),
(23, '2013-02-25 16:00:35', 9.6),
(23, '2013-02-25 16:05:35', 9.5),
(23, '2013-02-25 16:10:35', 9.6),
(23, '2013-02-25 16:15:35', 9.5),
(23, '2013-02-25 16:20:35', 9.6),
(23, '2013-02-25 16:25:35', 9.5),
(23, '2013-02-25 16:30:35', 9.5),
(23, '2013-02-25 16:35:35', 9.6),
(23, '2013-02-25 16:40:35', 9.5),
(23, '2013-02-25 16:45:35', 9.5),
(23, '2013-02-25 16:50:35', 9.5),
(23, '2013-02-25 16:55:35', 9.6),
(23, '2013-02-25 17:00:35', 9.6),
(23, '2013-02-25 17:05:35', 9.5),
(23, '2013-02-25 17:10:36', 9.5),
(23, '2013-02-25 17:15:36', 9.5),
(23, '2013-02-25 17:20:36', 9.5),
(23, '2013-02-25 17:25:36', 9.5),
(23, '2013-02-25 17:30:36', 9.5),
(23, '2013-02-25 17:35:36', 9.5),
(23, '2013-02-25 17:40:36', 9.5),
(23, '2013-02-25 17:45:36', 9.5),
(23, '2013-02-25 17:50:36', 9.6),
(23, '2013-02-25 17:55:36', 9.5),
(23, '2013-02-25 18:00:36', 9.6),
(23, '2013-02-25 18:05:36', 9.5),
(23, '2013-02-25 18:10:36', 9.5),
(23, '2013-02-25 18:15:36', 9.5),
(23, '2013-02-25 18:20:36', 9.4),
(23, '2013-02-25 18:25:36', 9.5),
(23, '2013-02-25 18:30:36', 9.5),
(23, '2013-02-25 18:35:36', 9.5),
(23, '2013-02-25 18:40:36', 9.5),
(23, '2013-02-25 18:45:36', 9.6),
(24, '2013-02-15 18:51:13', 10.8),
(24, '2013-02-15 18:56:13', 10.7),
(24, '2013-02-15 19:01:13', 10.7),
(24, '2013-02-15 19:06:13', 10.8),
(24, '2013-02-15 19:11:13', 10.8),
(24, '2013-02-15 19:16:13', 10.7),
(24, '2013-02-15 19:21:13', 10.8),
(24, '2013-02-25 15:50:35', 10.5),
(24, '2013-02-25 15:55:35', 10.5),
(24, '2013-02-25 16:00:35', 10.6),
(24, '2013-02-25 16:05:35', 10.5),
(24, '2013-02-25 16:10:35', 10.6),
(24, '2013-02-25 16:15:35', 10.6),
(24, '2013-02-25 16:20:35', 10.6),
(24, '2013-02-25 16:25:35', 10.6),
(24, '2013-02-25 16:30:35', 10.6),
(24, '2013-02-25 16:35:35', 10.7),
(24, '2013-02-25 16:40:35', 10.6),
(24, '2013-02-25 16:45:35', 10.5),
(24, '2013-02-25 16:50:35', 10.5),
(24, '2013-02-25 16:55:35', 10.6),
(24, '2013-02-25 17:00:35', 10.6),
(24, '2013-02-25 17:05:35', 10.5),
(24, '2013-02-25 17:10:36', 10.5),
(24, '2013-02-25 17:15:36', 10.5),
(24, '2013-02-25 17:20:36', 10.6),
(24, '2013-02-25 17:25:36', 10.6),
(24, '2013-02-25 17:30:36', 10.4),
(24, '2013-02-25 17:35:36', 10.5),
(24, '2013-02-25 17:40:36', 10.4),
(24, '2013-02-25 17:45:36', 10.4),
(24, '2013-02-25 17:50:36', 10.5),
(24, '2013-02-25 17:55:36', 10.6),
(24, '2013-02-25 18:00:36', 10.6),
(24, '2013-02-25 18:05:36', 10.5),
(24, '2013-02-25 18:10:36', 10.5),
(24, '2013-02-25 18:15:36', 10.5),
(24, '2013-02-25 18:20:36', 10.5),
(24, '2013-02-25 18:25:36', 10.6),
(24, '2013-02-25 18:30:36', 10.6),
(24, '2013-02-25 18:35:36', 10.6),
(24, '2013-02-25 18:40:36', 10.5),
(24, '2013-02-25 18:45:36', 10.6),
(25, '2013-02-15 18:51:13', 11.7),
(25, '2013-02-15 18:56:13', 11.7),
(25, '2013-02-15 19:01:13', 11.7),
(25, '2013-02-15 19:06:13', 11.7),
(25, '2013-02-15 19:11:13', 11.7),
(25, '2013-02-15 19:16:13', 11.7),
(25, '2013-02-15 19:21:13', 11.7),
(25, '2013-02-25 15:50:35', 11.4),
(25, '2013-02-25 15:55:35', 11.4),
(25, '2013-02-25 16:00:35', 11.5),
(25, '2013-02-25 16:05:35', 11.4),
(25, '2013-02-25 16:10:35', 11.5),
(25, '2013-02-25 16:15:35', 11.5),
(25, '2013-02-25 16:20:35', 11.5),
(25, '2013-02-25 16:25:35', 11.5),
(25, '2013-02-25 16:30:35', 11.4),
(25, '2013-02-25 16:35:35', 11.5),
(25, '2013-02-25 16:40:35', 11.5),
(25, '2013-02-25 16:45:35', 11.4),
(25, '2013-02-25 16:50:35', 11.4),
(25, '2013-02-25 16:55:35', 11.5),
(25, '2013-02-25 17:00:35', 11.5),
(25, '2013-02-25 17:05:35', 11.4),
(25, '2013-02-25 17:10:36', 11.4),
(25, '2013-02-25 17:15:36', 11.4),
(25, '2013-02-25 17:20:36', 11.4),
(25, '2013-02-25 17:25:36', 11.4),
(25, '2013-02-25 17:30:36', 11.4),
(25, '2013-02-25 17:35:36', 11.5),
(25, '2013-02-25 17:40:36', 11.4),
(25, '2013-02-25 17:45:36', 11.3),
(25, '2013-02-25 17:50:36', 11.4),
(25, '2013-02-25 17:55:36', 11.4),
(25, '2013-02-25 18:00:36', 11.5),
(25, '2013-02-25 18:05:36', 11.4),
(25, '2013-02-25 18:10:36', 11.4),
(25, '2013-02-25 18:15:36', 11.4),
(25, '2013-02-25 18:20:36', 11.4),
(25, '2013-02-25 18:25:36', 11.5),
(25, '2013-02-25 18:30:36', 11.5),
(25, '2013-02-25 18:35:36', 11.4),
(25, '2013-02-25 18:40:36', 11.4),
(25, '2013-02-25 18:45:36', 11.4),
(26, '2013-02-15 18:51:13', 12.7),
(26, '2013-02-15 18:56:13', 12.6),
(26, '2013-02-15 19:01:13', 12.8),
(26, '2013-02-15 19:06:13', 12.8),
(26, '2013-02-15 19:11:13', 12.6),
(26, '2013-02-15 19:16:13', 12.6),
(26, '2013-02-15 19:21:13', 12.7),
(26, '2013-02-25 15:50:35', 12.6),
(26, '2013-02-25 15:55:35', 12.5),
(26, '2013-02-25 16:00:35', 12.9),
(26, '2013-02-25 16:05:35', 12.8),
(26, '2013-02-25 16:10:35', 12.6),
(26, '2013-02-25 16:15:35', 12.6),
(26, '2013-02-25 16:20:35', 12.6),
(26, '2013-02-25 16:25:35', 12.6),
(26, '2013-02-25 16:30:35', 12.6),
(26, '2013-02-25 16:35:35', 12.8),
(26, '2013-02-25 16:40:35', 12.6),
(26, '2013-02-25 16:45:35', 12.6),
(26, '2013-02-25 16:50:35', 12.5),
(26, '2013-02-25 16:55:35', 12.8),
(26, '2013-02-25 17:00:35', 12.8),
(26, '2013-02-25 17:05:35', 12.5),
(26, '2013-02-25 17:10:36', 12.6),
(26, '2013-02-25 17:15:36', 12.6),
(26, '2013-02-25 17:20:36', 12.6),
(26, '2013-02-25 17:25:36', 12.6),
(26, '2013-02-25 17:30:36', 12.6),
(26, '2013-02-25 17:35:36', 12.6),
(26, '2013-02-25 17:40:36', 12.6),
(26, '2013-02-25 17:45:36', 12.6),
(26, '2013-02-25 17:50:36', 12.9),
(26, '2013-02-25 17:55:36', 12.6),
(26, '2013-02-25 18:00:36', 12.6),
(26, '2013-02-25 18:05:36', 12.6),
(26, '2013-02-25 18:10:36', 12.6),
(26, '2013-02-25 18:15:36', 12.6),
(26, '2013-02-25 18:20:36', 12.6),
(26, '2013-02-25 18:25:36', 12.7),
(26, '2013-02-25 18:30:36', 12.7),
(26, '2013-02-25 18:35:36', 12.7),
(26, '2013-02-25 18:40:36', 12.8),
(26, '2013-02-25 18:45:36', 12.8),
(27, '2013-02-15 18:51:13', 13.5),
(27, '2013-02-15 18:56:13', 13.3),
(27, '2013-02-15 19:01:13', 13.4),
(27, '2013-02-15 19:06:13', 13.5),
(27, '2013-02-15 19:11:13', 13.4),
(27, '2013-02-15 19:16:13', 13.3),
(27, '2013-02-15 19:21:13', 13.4),
(27, '2013-02-25 15:50:35', 13.2),
(27, '2013-02-25 15:55:35', 13.2),
(27, '2013-02-25 16:00:35', 13.5),
(27, '2013-02-25 16:05:35', 13.5),
(27, '2013-02-25 16:10:35', 13.3),
(27, '2013-02-25 16:15:35', 13.3),
(27, '2013-02-25 16:20:35', 13.3),
(27, '2013-02-25 16:25:35', 13.3),
(27, '2013-02-25 16:30:35', 13.3),
(27, '2013-02-25 16:35:35', 13.4),
(27, '2013-02-25 16:40:35', 13.3),
(27, '2013-02-25 16:45:35', 13.3),
(27, '2013-02-25 16:50:35', 13.2),
(27, '2013-02-25 16:55:35', 13.4),
(27, '2013-02-25 17:00:35', 13.5),
(27, '2013-02-25 17:05:35', 13.3),
(27, '2013-02-25 17:10:36', 13.2),
(27, '2013-02-25 17:15:36', 13.3),
(27, '2013-02-25 17:20:36', 13.3),
(27, '2013-02-25 17:25:36', 13.3),
(27, '2013-02-25 17:30:36', 13.2),
(27, '2013-02-25 17:35:36', 13.3),
(27, '2013-02-25 17:40:36', 13.3),
(27, '2013-02-25 17:45:36', 13.2),
(27, '2013-02-25 17:50:36', 13.5),
(27, '2013-02-25 17:55:36', 13.3),
(27, '2013-02-25 18:00:36', 13.3),
(27, '2013-02-25 18:05:36', 13.2),
(27, '2013-02-25 18:10:36', 13.2),
(27, '2013-02-25 18:15:36', 13.2),
(27, '2013-02-25 18:20:36', 13.3),
(27, '2013-02-25 18:25:36', 13.4),
(27, '2013-02-25 18:30:36', 13.3),
(27, '2013-02-25 18:35:36', 13.3),
(27, '2013-02-25 18:40:36', 13.3),
(27, '2013-02-25 18:45:36', 13.5),
(28, '2013-02-15 18:51:13', 14.4),
(28, '2013-02-15 18:56:13', 14.3),
(28, '2013-02-15 19:01:13', 14.3),
(28, '2013-02-15 19:06:13', 14.4),
(28, '2013-02-15 19:11:13', 14.4),
(28, '2013-02-15 19:16:13', 14.2),
(28, '2013-02-15 19:21:13', 14.4),
(28, '2013-02-25 15:50:35', 14.2),
(28, '2013-02-25 15:55:35', 14.2),
(28, '2013-02-25 16:00:35', 14.6),
(28, '2013-02-25 16:05:35', 14.6),
(28, '2013-02-25 16:10:35', 14.4),
(28, '2013-02-25 16:15:35', 14.3),
(28, '2013-02-25 16:20:35', 14.4),
(28, '2013-02-25 16:25:35', 14.4),
(28, '2013-02-25 16:30:35', 14.3),
(28, '2013-02-25 16:35:35', 14.5),
(28, '2013-02-25 16:40:35', 14.3),
(28, '2013-02-25 16:45:35', 14.3),
(28, '2013-02-25 16:50:35', 14.3),
(28, '2013-02-25 16:55:35', 14.5),
(28, '2013-02-25 17:00:35', 14.5),
(28, '2013-02-25 17:05:35', 14.3),
(28, '2013-02-25 17:10:36', 14.3),
(28, '2013-02-25 17:15:36', 14.4),
(28, '2013-02-25 17:20:36', 14.3),
(28, '2013-02-25 17:25:36', 14.3),
(28, '2013-02-25 17:30:36', 14.2),
(28, '2013-02-25 17:35:36', 14.3),
(28, '2013-02-25 17:40:36', 14.3),
(28, '2013-02-25 17:45:36', 14.2),
(28, '2013-02-25 17:50:36', 14.6),
(28, '2013-02-25 17:55:36', 14.4),
(28, '2013-02-25 18:00:36', 14.3),
(28, '2013-02-25 18:05:36', 14.3),
(28, '2013-02-25 18:10:36', 14.3),
(28, '2013-02-25 18:15:36', 14.3),
(28, '2013-02-25 18:20:36', 14.4),
(28, '2013-02-25 18:25:36', 14.5),
(28, '2013-02-25 18:30:36', 14.4),
(28, '2013-02-25 18:35:36', 14.4),
(28, '2013-02-25 18:40:36', 14.4),
(28, '2013-02-25 18:45:36', 14.6),
(29, '2013-02-15 18:51:13', 17.9),
(29, '2013-02-15 18:56:13', 18),
(29, '2013-02-15 19:01:13', 17.9),
(29, '2013-02-15 19:06:13', 18),
(29, '2013-02-15 19:11:13', 17.4),
(29, '2013-02-15 19:16:13', 17.9),
(29, '2013-02-15 19:21:13', 17.6),
(29, '2013-02-25 15:50:35', 12.6),
(29, '2013-02-25 15:55:35', 12.8),
(29, '2013-02-25 16:00:35', 12.9),
(29, '2013-02-25 16:05:35', 10.9),
(29, '2013-02-25 16:10:35', 11.3),
(29, '2013-02-25 16:15:35', 11.9),
(29, '2013-02-25 16:20:35', 11.7),
(29, '2013-02-25 16:25:35', 10.6),
(29, '2013-02-25 16:30:35', 12.5),
(29, '2013-02-25 16:35:35', 12.1),
(29, '2013-02-25 16:40:35', 12.1),
(29, '2013-02-25 16:45:35', 12.3),
(29, '2013-02-25 16:50:35', 12.3),
(29, '2013-02-25 16:55:35', 12.2),
(29, '2013-02-25 17:00:35', 11.7),
(29, '2013-02-25 17:05:35', 12.3),
(29, '2013-02-25 17:10:36', 12.1),
(29, '2013-02-25 17:15:36', 12.9),
(29, '2013-02-25 17:20:36', 13),
(29, '2013-02-25 17:25:36', 13.3),
(29, '2013-02-25 17:30:36', 10.8),
(29, '2013-02-25 17:35:36', 13.5),
(29, '2013-02-25 17:40:36', 13.5),
(29, '2013-02-25 17:45:36', 13.8),
(29, '2013-02-25 17:50:36', 13.6),
(29, '2013-02-25 17:55:36', 13.6),
(29, '2013-02-25 18:00:36', 12.9),
(29, '2013-02-25 18:05:36', 11.6),
(29, '2013-02-25 18:10:36', 13.5),
(29, '2013-02-25 18:15:36', 14),
(29, '2013-02-25 18:20:36', 12.9),
(29, '2013-02-25 18:25:36', 13),
(29, '2013-02-25 18:30:36', 12.7),
(29, '2013-02-25 18:35:36', 12.2),
(29, '2013-02-25 18:40:36', 13.5),
(29, '2013-02-25 18:45:36', 13.6),
(30, '2013-02-15 18:51:13', 10.9),
(30, '2013-02-15 18:56:13', 10.7),
(30, '2013-02-15 19:01:13', 10.8),
(30, '2013-02-15 19:06:13', 10.9),
(30, '2013-02-15 19:11:13', 10.9),
(30, '2013-02-15 19:16:13', 10.7),
(30, '2013-02-15 19:21:13', 10.8),
(30, '2013-02-25 15:50:35', 9.3),
(30, '2013-02-25 15:55:35', 9.3),
(30, '2013-02-25 16:00:35', 9.6),
(30, '2013-02-25 16:05:35', 9.7),
(30, '2013-02-25 16:10:35', 9.6),
(30, '2013-02-25 16:15:35', 9.5),
(30, '2013-02-25 16:20:35', 9.5),
(30, '2013-02-25 16:25:35', 9.5),
(30, '2013-02-25 16:30:35', 9.3),
(30, '2013-02-25 16:35:35', 9.5),
(30, '2013-02-25 16:40:35', 9.4),
(30, '2013-02-25 16:45:35', 9.3),
(30, '2013-02-25 16:50:35', 9.4),
(30, '2013-02-25 16:55:35', 9.5),
(30, '2013-02-25 17:00:35', 9.6),
(30, '2013-02-25 17:05:35', 9.3),
(30, '2013-02-25 17:10:36', 9.4),
(30, '2013-02-25 17:15:36', 9.3),
(30, '2013-02-25 17:20:36', 9.3),
(30, '2013-02-25 17:25:36', 9.3),
(30, '2013-02-25 17:30:36', 9.3),
(30, '2013-02-25 17:35:36', 9.3),
(30, '2013-02-25 17:40:36', 9.3),
(30, '2013-02-25 17:45:36', 9.3),
(30, '2013-02-25 17:50:36', 9.6),
(30, '2013-02-25 17:55:36', 9.6),
(30, '2013-02-25 18:00:36', 9.4),
(30, '2013-02-25 18:05:36', 9.3),
(30, '2013-02-25 18:10:36', 9.3),
(30, '2013-02-25 18:15:36', 9.3),
(30, '2013-02-25 18:20:36', 9.3),
(30, '2013-02-25 18:25:36', 9.3),
(30, '2013-02-25 18:30:36', 9.3),
(30, '2013-02-25 18:35:36', 9.3),
(30, '2013-02-25 18:40:36', 9.3),
(30, '2013-02-25 18:45:36', 9.6),
(31, '2013-02-15 18:51:13', 9.9),
(31, '2013-02-15 18:56:13', 9.9),
(31, '2013-02-15 19:01:13', 9.9),
(31, '2013-02-15 19:06:13', 9.9),
(31, '2013-02-15 19:11:13', 9.9),
(31, '2013-02-15 19:16:13', 9.9),
(31, '2013-02-15 19:21:13', 9.9),
(31, '2013-02-25 15:50:35', 9.3),
(31, '2013-02-25 15:55:35', 9.2),
(31, '2013-02-25 16:00:35', 9.2),
(31, '2013-02-25 16:05:35', 9.2),
(31, '2013-02-25 16:10:35', 9.2),
(31, '2013-02-25 16:15:35', 9.2),
(31, '2013-02-25 16:20:35', 9.2),
(31, '2013-02-25 16:25:35', 9.3),
(31, '2013-02-25 16:30:35', 9.2),
(31, '2013-02-25 16:35:35', 9.2),
(31, '2013-02-25 16:40:35', 9.3),
(31, '2013-02-25 16:45:35', 9.3),
(31, '2013-02-25 16:50:35', 9.3),
(31, '2013-02-25 16:55:35', 9.2),
(31, '2013-02-25 17:00:35', 9.2),
(31, '2013-02-25 17:05:35', 9.2),
(31, '2013-02-25 17:10:36', 9.2),
(31, '2013-02-25 17:15:36', 9.3),
(31, '2013-02-25 17:20:36', 9.3),
(31, '2013-02-25 17:25:36', 9.3),
(31, '2013-02-25 17:30:36', 9.2),
(31, '2013-02-25 17:35:36', 9.2),
(31, '2013-02-25 17:40:36', 9.3),
(31, '2013-02-25 17:45:36', 9.2),
(31, '2013-02-25 17:50:36', 9.2),
(31, '2013-02-25 17:55:36', 9.2),
(31, '2013-02-25 18:00:36', 9.2),
(31, '2013-02-25 18:05:36', 9.2),
(31, '2013-02-25 18:10:36', 9.2),
(31, '2013-02-25 18:15:36', 9.2),
(31, '2013-02-25 18:20:36', 9.2),
(31, '2013-02-25 18:25:36', 9.2),
(31, '2013-02-25 18:30:36', 9.3),
(31, '2013-02-25 18:35:36', 9.3),
(31, '2013-02-25 18:40:36', 9.3),
(31, '2013-02-25 18:45:36', 9.3),
(32, '2013-02-15 18:51:13', 10.2),
(32, '2013-02-15 18:56:13', 10.2),
(32, '2013-02-15 19:01:13', 10.2),
(32, '2013-02-15 19:06:13', 10.1),
(32, '2013-02-15 19:11:13', 10.2),
(32, '2013-02-15 19:16:13', 10.2),
(32, '2013-02-15 19:21:13', 10.2),
(32, '2013-02-25 15:50:35', 9.6),
(32, '2013-02-25 15:55:35', 9.6),
(32, '2013-02-25 16:00:35', 9.5),
(32, '2013-02-25 16:05:35', 9.5),
(32, '2013-02-25 16:10:35', 9.5),
(32, '2013-02-25 16:15:35', 9.5),
(32, '2013-02-25 16:20:35', 9.5),
(32, '2013-02-25 16:25:35', 9.6),
(32, '2013-02-25 16:30:35', 9.6),
(32, '2013-02-25 16:35:35', 9.5),
(32, '2013-02-25 16:40:35', 9.6),
(32, '2013-02-25 16:45:35', 9.6),
(32, '2013-02-25 16:50:35', 9.6),
(32, '2013-02-25 16:55:35', 9.5),
(32, '2013-02-25 17:00:35', 9.6),
(32, '2013-02-25 17:05:35', 9.5),
(32, '2013-02-25 17:10:36', 9.6),
(32, '2013-02-25 17:15:36', 9.6),
(32, '2013-02-25 17:20:36', 9.6),
(32, '2013-02-25 17:25:36', 9.6),
(32, '2013-02-25 17:30:36', 9.6),
(32, '2013-02-25 17:35:36', 9.5),
(32, '2013-02-25 17:40:36', 9.6),
(32, '2013-02-25 17:45:36', 9.5),
(32, '2013-02-25 17:50:36', 9.5),
(32, '2013-02-25 17:55:36', 9.5),
(32, '2013-02-25 18:00:36', 9.5),
(32, '2013-02-25 18:05:36', 9.5),
(32, '2013-02-25 18:10:36', 9.5),
(32, '2013-02-25 18:15:36', 9.5),
(32, '2013-02-25 18:20:36', 9.6),
(32, '2013-02-25 18:25:36', 9.5),
(32, '2013-02-25 18:30:36', 9.6),
(32, '2013-02-25 18:35:36', 9.6),
(32, '2013-02-25 18:40:36', 9.6),
(32, '2013-02-25 18:45:36', 9.6),
(33, '2013-02-15 18:51:13', 9.7),
(33, '2013-02-15 18:56:13', 9.7),
(33, '2013-02-15 19:01:13', 9.7),
(33, '2013-02-15 19:06:13', 9.6),
(33, '2013-02-15 19:11:13', 9.7),
(33, '2013-02-15 19:16:13', 9.8),
(33, '2013-02-15 19:21:13', 9.7),
(33, '2013-02-25 15:50:35', 8.7),
(33, '2013-02-25 15:55:35', 8.7),
(33, '2013-02-25 16:00:35', 8.7),
(33, '2013-02-25 16:05:35', 8.7),
(33, '2013-02-25 16:10:35', 8.6),
(33, '2013-02-25 16:15:35', 8.7),
(33, '2013-02-25 16:20:35', 8.6),
(33, '2013-02-25 16:25:35', 8.7),
(33, '2013-02-25 16:30:35', 8.7),
(33, '2013-02-25 16:35:35', 8.7),
(33, '2013-02-25 16:40:35', 8.7),
(33, '2013-02-25 16:45:35', 8.8),
(33, '2013-02-25 16:50:35', 8.8),
(33, '2013-02-25 16:55:35', 8.7),
(33, '2013-02-25 17:00:35', 8.7),
(33, '2013-02-25 17:05:35', 8.7),
(33, '2013-02-25 17:10:36', 8.7),
(33, '2013-02-25 17:15:36', 8.7),
(33, '2013-02-25 17:20:36', 8.8),
(33, '2013-02-25 17:25:36', 8.8),
(33, '2013-02-25 17:30:36', 8.7),
(33, '2013-02-25 17:35:36', 8.7),
(33, '2013-02-25 17:40:36', 8.8),
(33, '2013-02-25 17:45:36', 8.8),
(33, '2013-02-25 17:50:36', 8.6),
(33, '2013-02-25 17:55:36', 8.7),
(33, '2013-02-25 18:00:36', 8.6),
(33, '2013-02-25 18:05:36', 8.7),
(33, '2013-02-25 18:10:36', 8.6),
(33, '2013-02-25 18:15:36', 8.7),
(33, '2013-02-25 18:20:36', 8.7),
(33, '2013-02-25 18:25:36', 8.7),
(33, '2013-02-25 18:30:36', 8.7),
(33, '2013-02-25 18:35:36', 8.8),
(33, '2013-02-25 18:40:36', 8.8),
(33, '2013-02-25 18:45:36', 8.7),
(34, '2013-02-15 18:51:13', 8.8),
(34, '2013-02-15 18:56:13', 8.7),
(34, '2013-02-15 19:01:13', 8.7),
(34, '2013-02-15 19:06:13', 8.6),
(34, '2013-02-15 19:11:13', 8.7),
(34, '2013-02-15 19:16:13', 8.8),
(34, '2013-02-15 19:21:13', 8.7),
(34, '2013-02-25 15:50:35', 7.9),
(34, '2013-02-25 15:55:35', 7.9),
(34, '2013-02-25 16:00:35', 7.9),
(34, '2013-02-25 16:05:35', 7.8),
(34, '2013-02-25 16:10:35', 7.8),
(34, '2013-02-25 16:15:35', 7.8),
(34, '2013-02-25 16:20:35', 7.8),
(34, '2013-02-25 16:25:35', 7.8),
(34, '2013-02-25 16:30:35', 7.8),
(34, '2013-02-25 16:35:35', 7.8),
(34, '2013-02-25 16:40:35', 7.8),
(34, '2013-02-25 16:45:35', 7.9),
(34, '2013-02-25 16:50:35', 7.9),
(34, '2013-02-25 16:55:35', 7.9),
(34, '2013-02-25 17:00:35', 7.9),
(34, '2013-02-25 17:05:35', 7.8),
(34, '2013-02-25 17:10:36', 7.8),
(34, '2013-02-25 17:15:36', 7.9),
(34, '2013-02-25 17:20:36', 7.9),
(34, '2013-02-25 17:25:36', 7.8),
(34, '2013-02-25 17:30:36', 7.9),
(34, '2013-02-25 17:35:36', 7.8),
(34, '2013-02-25 17:40:36', 7.9),
(34, '2013-02-25 17:45:36', 7.9),
(34, '2013-02-25 17:50:36', 7.9),
(34, '2013-02-25 17:55:36', 7.9),
(34, '2013-02-25 18:00:36', 7.8),
(34, '2013-02-25 18:05:36', 7.8),
(34, '2013-02-25 18:10:36', 7.8),
(34, '2013-02-25 18:15:36', 7.8),
(34, '2013-02-25 18:20:36', 7.8),
(34, '2013-02-25 18:25:36', 7.8),
(34, '2013-02-25 18:30:36', 7.9),
(34, '2013-02-25 18:35:36', 7.8),
(34, '2013-02-25 18:40:36', 7.9),
(34, '2013-02-25 18:45:36', 7.9),
(35, '2013-02-15 18:51:13', 21.5),
(35, '2013-02-15 18:56:13', 21.6),
(35, '2013-02-15 19:01:13', 21.7),
(35, '2013-02-15 19:06:13', 21.6),
(35, '2013-02-15 19:11:13', 21.5),
(35, '2013-02-15 19:16:13', 21.6),
(35, '2013-02-15 19:21:13', 21.5),
(35, '2013-02-25 15:50:35', 19.1),
(35, '2013-02-25 15:55:35', 19.1),
(35, '2013-02-25 16:00:35', 18.5),
(35, '2013-02-25 16:05:35', 18.5),
(35, '2013-02-25 16:10:35', 19),
(35, '2013-02-25 16:15:35', 19.3),
(35, '2013-02-25 16:20:35', 19.2),
(35, '2013-02-25 16:25:35', 19.2),
(35, '2013-02-25 16:30:35', 19.1),
(35, '2013-02-25 16:35:35', 19.2),
(35, '2013-02-25 16:40:35', 19.2),
(35, '2013-02-25 16:45:35', 19.3),
(35, '2013-02-25 16:50:35', 19.3),
(35, '2013-02-25 16:55:35', 19),
(35, '2013-02-25 17:00:35', 18.8),
(35, '2013-02-25 17:05:35', 18.9),
(35, '2013-02-25 17:10:36', 19.1),
(35, '2013-02-25 17:15:36', 19.2),
(35, '2013-02-25 17:20:36', 19.2),
(35, '2013-02-25 17:25:36', 19.2),
(35, '2013-02-25 17:30:36', 19.2),
(35, '2013-02-25 17:35:36', 19.3),
(35, '2013-02-25 17:40:36', 19.3),
(35, '2013-02-25 17:45:36', 19.3),
(35, '2013-02-25 17:50:36', 18.9),
(35, '2013-02-25 17:55:36', 18.6),
(35, '2013-02-25 18:00:36', 19),
(35, '2013-02-25 18:05:36', 19.3),
(35, '2013-02-25 18:10:36', 19.3),
(35, '2013-02-25 18:15:36', 19.5),
(35, '2013-02-25 18:20:36', 19.4),
(35, '2013-02-25 18:25:36', 19.3),
(35, '2013-02-25 18:30:36', 19.4),
(35, '2013-02-25 18:35:36', 19.3),
(35, '2013-02-25 18:40:36', 19.2),
(35, '2013-02-25 18:45:36', 19),
(36, '2013-02-15 18:51:13', 19.5),
(36, '2013-02-15 18:56:13', 19.5),
(36, '2013-02-15 19:01:13', 19.6),
(36, '2013-02-15 19:06:13', 19.5),
(36, '2013-02-15 19:11:13', 19.5),
(36, '2013-02-15 19:16:13', 19.5),
(36, '2013-02-15 19:21:13', 19.6),
(36, '2013-02-25 15:50:35', 17.4),
(36, '2013-02-25 15:55:35', 17.5),
(36, '2013-02-25 16:00:35', 17.2),
(36, '2013-02-25 16:05:35', 17),
(36, '2013-02-25 16:10:35', 17.3),
(36, '2013-02-25 16:15:35', 17.4),
(36, '2013-02-25 16:20:35', 17.4),
(36, '2013-02-25 16:25:35', 17.5),
(36, '2013-02-25 16:30:35', 17.4),
(36, '2013-02-25 16:35:35', 17.5),
(36, '2013-02-25 16:40:35', 17.5),
(36, '2013-02-25 16:45:35', 17.5),
(36, '2013-02-25 16:50:35', 17.5),
(36, '2013-02-25 16:55:35', 17.5),
(36, '2013-02-25 17:00:35', 17.4),
(36, '2013-02-25 17:05:35', 17.3),
(36, '2013-02-25 17:10:36', 17.4),
(36, '2013-02-25 17:15:36', 17.5),
(36, '2013-02-25 17:20:36', 17.5),
(36, '2013-02-25 17:25:36', 17.5),
(36, '2013-02-25 17:30:36', 17.5),
(36, '2013-02-25 17:35:36', 17.5),
(36, '2013-02-25 17:40:36', 17.5),
(36, '2013-02-25 17:45:36', 17.5),
(36, '2013-02-25 17:50:36', 17.4),
(36, '2013-02-25 17:55:36', 17.2),
(36, '2013-02-25 18:00:36', 17.1),
(36, '2013-02-25 18:05:36', 17.3),
(36, '2013-02-25 18:10:36', 17.5),
(36, '2013-02-25 18:15:36', 17.5),
(36, '2013-02-25 18:20:36', 17.6),
(36, '2013-02-25 18:25:36', 17.5),
(36, '2013-02-25 18:30:36', 17.6),
(36, '2013-02-25 18:35:36', 17.5);
INSERT INTO `Temperature` (`Sonde_id`, `Date`, `Valeur`) VALUES
(36, '2013-02-25 18:40:36', 17.5),
(36, '2013-02-25 18:45:36', 17.5),
(37, '2013-02-15 18:51:13', 17.1),
(37, '2013-02-15 18:56:13', 17.2),
(37, '2013-02-15 19:01:13', 17.1),
(37, '2013-02-15 19:06:13', 17.1),
(37, '2013-02-15 19:11:13', 17.1),
(37, '2013-02-15 19:16:13', 17.1),
(37, '2013-02-15 19:21:13', 17.1),
(37, '2013-02-25 15:50:35', 15.4),
(37, '2013-02-25 15:55:35', 15.5),
(37, '2013-02-25 16:00:35', 15.3),
(37, '2013-02-25 16:05:35', 15.2),
(37, '2013-02-25 16:10:35', 15.3),
(37, '2013-02-25 16:15:35', 15.4),
(37, '2013-02-25 16:20:35', 15.5),
(37, '2013-02-25 16:25:35', 15.5),
(37, '2013-02-25 16:30:35', 15.5),
(37, '2013-02-25 16:35:35', 15.5),
(37, '2013-02-25 16:40:35', 15.5),
(37, '2013-02-25 16:45:35', 15.5),
(37, '2013-02-25 16:50:35', 15.5),
(37, '2013-02-25 16:55:35', 15.5),
(37, '2013-02-25 17:00:35', 15.6),
(37, '2013-02-25 17:05:35', 15.5),
(37, '2013-02-25 17:10:36', 15.5),
(37, '2013-02-25 17:15:36', 15.5),
(37, '2013-02-25 17:20:36', 15.5),
(37, '2013-02-25 17:25:36', 15.6),
(37, '2013-02-25 17:30:36', 15.5),
(37, '2013-02-25 17:35:36', 15.5),
(37, '2013-02-25 17:40:36', 15.5),
(37, '2013-02-25 17:45:36', 15.5),
(37, '2013-02-25 17:50:36', 15.5),
(37, '2013-02-25 17:55:36', 15.3),
(37, '2013-02-25 18:00:36', 15.3),
(37, '2013-02-25 18:05:36', 15.3),
(37, '2013-02-25 18:10:36', 15.4),
(37, '2013-02-25 18:15:36', 15.5),
(37, '2013-02-25 18:20:36', 15.6),
(37, '2013-02-25 18:25:36', 15.6),
(37, '2013-02-25 18:30:36', 15.6),
(37, '2013-02-25 18:35:36', 15.6),
(37, '2013-02-25 18:40:36', 15.5),
(37, '2013-02-25 18:45:36', 15.6),
(38, '2013-02-15 18:51:13', 11.8),
(38, '2013-02-15 18:56:13', 11.9),
(38, '2013-02-15 19:01:13', 11.9),
(38, '2013-02-15 19:06:13', 11.7),
(38, '2013-02-15 19:11:13', 11.9),
(38, '2013-02-15 19:16:13', 12),
(38, '2013-02-15 19:21:13', 11.9),
(38, '2013-02-25 15:50:35', 10.3),
(38, '2013-02-25 15:55:35', 10.2),
(38, '2013-02-25 16:00:35', 10),
(38, '2013-02-25 16:05:35', 10.1),
(38, '2013-02-25 16:10:35', 10.3),
(38, '2013-02-25 16:15:35', 10.5),
(38, '2013-02-25 16:20:35', 10.4),
(38, '2013-02-25 16:25:35', 10.4),
(38, '2013-02-25 16:30:35', 10.3),
(38, '2013-02-25 16:35:35', 10.3),
(38, '2013-02-25 16:40:35', 10.4),
(38, '2013-02-25 16:45:35', 10.4),
(38, '2013-02-25 16:50:35', 10.4),
(38, '2013-02-25 16:55:35', 10.4),
(38, '2013-02-25 17:00:35', 10.5),
(38, '2013-02-25 17:05:35', 10.3),
(38, '2013-02-25 17:10:36', 10.4),
(38, '2013-02-25 17:15:36', 10.4),
(38, '2013-02-25 17:20:36', 10.4),
(38, '2013-02-25 17:25:36', 10.5),
(38, '2013-02-25 17:30:36', 10.4),
(38, '2013-02-25 17:35:36', 10.4),
(38, '2013-02-25 17:40:36', 10.3),
(38, '2013-02-25 17:45:36', 10.4),
(38, '2013-02-25 17:50:36', 10.3),
(38, '2013-02-25 17:55:36', 10),
(38, '2013-02-25 18:00:36', 10),
(38, '2013-02-25 18:05:36', 10.4),
(38, '2013-02-25 18:10:36', 10.5),
(38, '2013-02-25 18:15:36', 10.5),
(38, '2013-02-25 18:20:36', 10.5),
(38, '2013-02-25 18:25:36', 10.4),
(38, '2013-02-25 18:30:36', 10.3),
(38, '2013-02-25 18:35:36', 10.3),
(38, '2013-02-25 18:40:36', 10.3),
(38, '2013-02-25 18:45:36', 10.5),
(39, '2013-02-15 18:51:13', 10.9),
(39, '2013-02-15 18:56:13', 10.7),
(39, '2013-02-15 19:01:13', 10.7),
(39, '2013-02-15 19:06:13', 10.7),
(39, '2013-02-15 19:11:13', 10.6),
(39, '2013-02-15 19:16:13', 10.3),
(39, '2013-02-15 19:21:13', 10.3),
(39, '2013-02-25 15:50:35', 5),
(39, '2013-02-25 15:55:35', 5.1),
(39, '2013-02-25 16:00:35', 5.2),
(39, '2013-02-25 16:05:35', 5.1),
(39, '2013-02-25 16:10:35', 4.9),
(39, '2013-02-25 16:15:35', 5),
(39, '2013-02-25 16:20:35', 5),
(39, '2013-02-25 16:25:35', 4.9),
(39, '2013-02-25 16:30:35', 5.1),
(39, '2013-02-25 16:35:35', 5),
(39, '2013-02-25 16:40:35', 4.9),
(39, '2013-02-25 16:45:35', 5),
(39, '2013-02-25 16:50:35', 4.9),
(39, '2013-02-25 16:55:35', 5),
(39, '2013-02-25 17:00:35', 5.2),
(39, '2013-02-25 17:05:35', 5),
(39, '2013-02-25 17:10:36', 5.1),
(39, '2013-02-25 17:15:36', 5),
(39, '2013-02-25 17:20:36', 5.2),
(39, '2013-02-25 17:25:36', 5.1),
(39, '2013-02-25 17:30:36', 5),
(39, '2013-02-25 17:35:36', 4.9),
(39, '2013-02-25 17:40:36', 4.7),
(39, '2013-02-25 17:45:36', 4.7),
(39, '2013-02-25 17:50:36', 4.7),
(39, '2013-02-25 17:55:36', 4.7),
(39, '2013-02-25 18:00:36', 4.5),
(39, '2013-02-25 18:05:36', 4.3),
(39, '2013-02-25 18:10:36', 4.5),
(39, '2013-02-25 18:15:36', 4.2),
(39, '2013-02-25 18:20:36', 4),
(39, '2013-02-25 18:25:36', 4),
(39, '2013-02-25 18:30:36', 4),
(39, '2013-02-25 18:35:36', 4),
(39, '2013-02-25 18:40:36', 3.9),
(39, '2013-02-25 18:45:36', 3.9);

--
-- Contraintes pour les tables exportées
--

--
-- Contraintes pour la table `Appartient_Corbeille`
--
ALTER TABLE `Appartient_Corbeille`
  ADD CONSTRAINT `Appartient_Corbeille_ibfk_1` FOREIGN KEY (`Sonde_id`) REFERENCES `Sonde` (`Sonde_id`) ON DELETE CASCADE ON UPDATE NO ACTION,
  ADD CONSTRAINT `Appartient_Corbeille_ibfk_2` FOREIGN KEY (`Corbeille_id`) REFERENCES `Corbeille` (`Corbeille_id`) ON DELETE CASCADE ON UPDATE NO ACTION;

--
-- Contraintes pour la table `Appartient_Puits`
--
ALTER TABLE `Appartient_Puits`
  ADD CONSTRAINT `Appartient_Puits_ibfk_3` FOREIGN KEY (`Sonde_id`) REFERENCES `Sonde` (`Sonde_id`) ON DELETE CASCADE ON UPDATE CASCADE,
  ADD CONSTRAINT `Appartient_Puits_ibfk_4` FOREIGN KEY (`Nom_puits`) REFERENCES `Puits` (`Nom_puits`) ON DELETE CASCADE ON UPDATE CASCADE;

--
-- Contraintes pour la table `Temperature`
--
ALTER TABLE `Temperature`
  ADD CONSTRAINT `Temperature_ibfk_1` FOREIGN KEY (`Sonde_id`) REFERENCES `Sonde` (`Sonde_id`) ON DELETE CASCADE ON UPDATE NO ACTION,
  ADD CONSTRAINT `Temperature_ibfk_2` FOREIGN KEY (`Sonde_id`) REFERENCES `Sonde` (`Sonde_id`) ON DELETE NO ACTION ON UPDATE NO ACTION;

/*!40101 SET CHARACTER_SET_CLIENT=@OLD_CHARACTER_SET_CLIENT */;
/*!40101 SET CHARACTER_SET_RESULTS=@OLD_CHARACTER_SET_RESULTS */;
/*!40101 SET COLLATION_CONNECTION=@OLD_COLLATION_CONNECTION */;
